Original_MDOT_Name,Standardized_Name,Station_Description
BALTIMORE BLVD,BALTO BLVD,MD 140 - .09 Mile North of Patapsco River Bridge (ATR#07)
CHEMICAL RD,CHEMICAL RD,CHEMICAL RD-.10 MI N OF MD173 (HAWKINS POINT RD)
FORT ARMISTEAD RD,FORT ARMISTEAD RD,FORT ARMISTEAD RD - BETWEEN MD 173 & THOMS RD
FORT MCHENRY TUNNEL,FORT MCHENRY TUNNEL,IS95-.30 MI N OF US40
FORT MCHENRY TUNNEL,FORT MCHENRY TUNNEL,IS95-.30 MI S OF MD150
FORT MCHENRY TUNNEL,FORT MCHENRY TUNNEL,IS95-.30 MI N OF US40
FORT MCHENRY TUNNEL,FORT MCHENRY TUNNEL,IS95-.40 MI N OF MD150
FORT MCHENRY TUNNEL,FORT MCHENRY TUNNEL,IS95-.40 MI S OF WASHINGTON BLVD
FORT MCHENRY TUNNEL,FORT MCHENRY TUNNEL,IS 95 at Fort McHenry Tunnel
FORT MCHENRY TUNNEL,FORT MCHENRY TUNNEL,IS95-.30 MI N OF WASHINGTON BLVD
FORT SMALLWOOD RD,FORT SMALLWOOD RD,MD173-.10 MI S OF BALTO CITY LINE
FRANKLIN ST (WB COUPLET),FRANKLIN ST WB COUPLET,US40-BETWEEN HOWARD ST & EUTAW ST (ONE WAY COUPLET WB - EB SEE B240133)
FREDERICK AVE (WB COUPLET),FREDERICK AVE WB COUPLET,MD144-.10 MI W OF PULASKI ST (ONE WAY COUPLET WB - EB SEE B240209)
GREELY AVE,GREELY AVE,GREELY AVE BETWEEN SMITH AVE & KELLY AVE
HARRISBURG EXPWY,HARRISBURG EXPWY,IS 83 - .64 Mile North of IS 695 (ATR#52)
HARRISBURG EXPWY,HARRISBURG EXPWY,IS83-.40 MI S OF MD137
HARRISBURG EXPWY,HARRISBURG EXPWY,IS83-.40 MI N OF MD439
HARRISBURG EXPWY,HARRISBURG EXPWY,IS83-.40 MI N OF TIMONIUM RD
HARRISBURG EXPWY,HARRISBURG EXPWY,IS83-AT PENNSYLVANIA ST/L
HARRISBURG EXPWY,HARRISBURG EXPWY,IS83-.50 MI N OF PADONIA RD
HARRISBURG EXPWY,HARRISBURG EXPWY,IS83-.50 MI N OF MIDDLETOWN RD
HARRISBURG EXPWY,HARRISBURG EXPWY,IS 83 - .50 mile South of Belfast Rd (ATR#27)
HARRISBURG EXPWY,HARRISBURG EXPWY,IS83-.50 MI N OF MD45
HARRISBURG EXPWY,HARRISBURG EXPWY,IS83-.10 MI N OF WARREN RD
HARRISBURG EXPWY,HARRISBURG EXPWY,IS83-.50 MI N OF MD137
J F K MEMORIAL HWY,J F K MEMORIAL HWY,IS95-.20 MI N OF ROSSVILLE BLVD
J F K MEMORIAL HWY,J F K MEMORIAL HWY,IS95-.50 MI N OF MD43
J F K MEMORIAL HWY,J F K MEMORIAL HWY,IS95-.10 MI S OF KENWOOD AVE (OVERPASS)
KEITH AVE,KEITH AVE SPUR,KEITH AVE SPUR - BETWEEN KEITH AVE & BROENING HWY
MULBERRY ST (EB COUPLET),MULBERRY ST EB COUPLET,US40-BETWEEN EUTAW ST & HOWARD ST (ONE WAY COUPLET EB - WB SEE B240216)
NO NAME,NO NAME,MD795-.20 MI E OF MD140
NO NAME,NO NAME,IS 95 - .65 Mile North of IS 195 (ATR#71 Includes ATR#92 SB)
NO NAME,NO NAME,MD570-.70 MI E OF IS695
NO NAME,NO NAME,MD570 -.10 MI E OF INGLESIDE AVE
NO NAME,NO NAME,IS 70 - 1.25 Miles West of IS 695 (ATR#53)
NO NAME,NO NAME,IS95-.30 MI S OF BALTO CITY LINE
NO NAME,NO NAME,IS 95 - .15 Mile North of Howard County Line (ATR#51)
NO NAME,NO NAME,MD570-AT END OF PARK & RIDE
NO NAME,NO NAME,MD570-.70 MI E OF IS695
NO NAME,NO NAME,IS95-.30 MI S OF BALTO CITY LINE
NO NAME,NO NAME,MD570-AT END OF PARK & RIDE
NO NAME,NO NAME,US40-.10 MI W OF STRUCTURE #B1509(ARLINGTON ST)
PRATT ST (EB COUPLET),PRATT ST EB COUPLET,MD144-.10 MI W OF PULASKI ST (ONE WAY COUPLET EB - WB SEE B240210)
QUARANTINE RD,QUARANTINE RD,QUARANTINE RD-.05 MI N OF MD173
RAMP 1 FR CROMWELL BRDG RD TO IS 695 WB,RAMP TO WB,EXIT 29A RAMP 1 FR CROMWELL BRDG RD TO IS 695 WB
RAMP 1 FR HILTON PKWY TO US 40 WB,RAMP TO WB,EXIT 2 RAMP 1 FR HILTON PKWY TO US 40 WB
RAMP 1 FR INGLESIDE AVE TO RAMP 8,RAMP TO 8,EXIT 93 RAMP 1 FR INGLESIDE AVE TO RAMP 8 (TO MD 570 WB)
RAMP 1 FR IS 195 NB TO US 1 WB,RAMP TO WB,EXIT 3 RAMP 1 FR IS 195 NB TO US 1 WB
RAMP 1 FR IS 195 NB TO US 1 WB,RAMP TO WB,CALCULATED LOCATION
RAMP 1 FR IS 695 NB TO HOLLINS FERRY RD,RAMP TO RD,EXIT 9 RAMP 1 FR IS 695 NB TO HOLLINS FERRY RD
RAMP 1 FR IS 695 NB TO HOLLINS FERRY RD,RAMP TO RD,CALCULATED LOCATION
RAMP 1 FR IS 695 NB TO IS 795 WB,RAMP TO WB,EXIT 19 RAMP 1 FR IS 695 EB TO IS 795 NB
RAMP 1 FR IS 695 NB TO MD 26 WB,RAMP TO WB,EXIT 18 RAMP 1 FR RAMP 9 (FR IS 695 NB) TO MD 26 WB
RAMP 1 FR IS 695 NB TO US 40 WB,RAMP TO WB,EXIT 15 RAMP 1 FR IS 695 NB TO US 40 WB
RAMP 1 FR IS 695 WB TO MD 372 WB,RAMP TO WB,CALCULATED LOCATION
RAMP 1 FR IS 695 WB TO MD 372 WB,RAMP TO WB,EXIT 12B RAMP 1 FR IS 695 NB TO MD 372 WB
RAMP 1 FR IS 695 WB TO MD 372 WB,RAMP TO WB,CALCULATED LOCATION
RAMP 1 FR IS 695 WB TO MD 372 WB,RAMP TO WB,CALCULATED LOCATION
RAMP 1 FR IS 795 NB TO FRANKLIN BLVD,RAMP TO BLVD,EXIT 7 RAMP 1 FR IS 795 NB TO FRANKLIN BLVD WB
RAMP 1 FR IS 795 NB TO MD 140 WB,RAMP TO WB,EXIT 9 RAMP 1 FR IS 795 NB TO MD 140 WB
RAMP 1 FR IS 83 NB TO COLD SPRING LA,RAMP TO LA,EXIT 9 RAMP 1 FR IS 83 NB TO COLD SPRING LA
RAMP 1 FR IS 83 NB TO GREENSPRING DR,RAMP TO DR,EXIT 16 RAMP 1 FR IS 83 NB TO GREEN SPRING DR
RAMP 1 FR IS 83 NB TO MD 439,RAMP TO 439,EXIT 36 RAMP 1 FR IS 83 NB TO MD 439
RAMP 1 FR IS 83 NB TO NORTHERN PKWY,RAMP TO PKWY,EXIT 10 RAMP 1 FR IS 83 NB TO NORTHERN PKWY
RAMP 1 FR IS 895 NB TO E LOMBARD ST,RAMP TO ST,EXIT 12 RAMP 1 FR IS 895 NB TO LOMBARD ST
RAMP 1 FR IS 895 NB TO ODONNELL ST,RAMP TO ST,EXIT 11B RAMP 1 FR IS 895 NB TO O'DONNELL ST
RAMP 1 FR IS 95 NB TO INTERSTATE AVE,RAMP TO AVE,EXIT 57 RAMP 1 FR IS 95 NB TO INTERSTATE AVE
RAMP 1 FR IS 95 NB TO INTERSTATE AVE,RAMP TO AVE,EXIT 57 RAMP 1 FR IS 95 NB TO INTERSTATE AVE
RAMP 1 FR IS 95 NB TO RAMP 8 (TO IS 695),RAMP TO 695),EXIT 49 RAMP 1 FR IS 95 NB TO RAMP 8 (TO IS 695 WB)
RAMP 1 FR MCCOMAS ST TO IS 95 WB,RAMP TO WB,EXIT 55 RAMP 1 FR MCCOMAS ST TO IS 95 SB
RAMP 1 FR MD 122 SB TO RP 4 (MD 570 EB),RAMP TO EB),EXIT 94 RAMP 1 FR MD 122 TO RAMP 4 (TO MD 570 EB)
RAMP 1 FR MD 129 NB TO RAMP 8 (TO IS695),RAMP TO IS695),EXIT 21 RAMP 1 FR MD 129 NB TO RAMP 8 (TO IS 695 WB)
RAMP 1 FR MD 139 NB TO IS 695 WB,RAMP TO WB,EXIT 25 RAMP 1 FR MD 139 NB TO IS 695 WB
RAMP 1 FR MD 140 NB TO RAMP 8 (TO IS695),RAMP TO IS695),EXIT 20 RAMP 1 FR MD 140 NB TO RAMP 8 (TO IS 695 WB)
RAMP 1 FR MD 146 NB TO IS 695 WB,RAMP TO WB,EXIT 27 RAMP 1 FR MD 146 NB TO IS 695 WB
RAMP 1 FR MD 146 NB TO IS 695 WB,RAMP TO WB,CALCULATED LOCATION
RAMP 1 FR MD 147 NB TO IS 695 WB,RAMP TO WB,EXIT 31 RAMP 1 FR MD 147 NB TO IS 695 WB
RAMP 1 FR MD 150 NB TO MD 151 WB,RAMP TO WB,EXIT 1 RAMP 1 FR MD 150 NB TO MD 151 WB
RAMP 1 FR MD 151 NB TO US 40 WB,RAMP TO WB,EXIT 8 RAMP 1 FR MD 151 NB TO US 40 WB
RAMP 1 FR MD 157 NB TO MD 695 WB,RAMP TO WB,EXIT 39 RAMP 1 FR MD 157 NB TO MD 695 WB
RAMP 1 FR MD 157 NB TO MD 695 WB,RAMP TO WB,CALCULATED LOCATION
RAMP 1 FR MD 157 NB TO MD 695 WB,RAMP TO WB,CALCULATED LOCATION
RAMP 1 FR MD 157 NB TO MD 695 WB,RAMP TO WB,CALCULATED LOCATION
RAMP 1 FR MD 157 NB TO MD 695 WB,RAMP TO WB,CALCULATED LOCATION
RAMP 1 FR MD 157 NB TO MD 695 WB,RAMP TO WB,CALCULATED LOCATION
RAMP 1 FR MD 157 NB TO MD 695 WB,RAMP TO WB,CALCULATED LOCATION
RAMP 1 FR MD 2 NB TO IS 95 WB,RAMP TO WB,EXIT 54 RAMP 1 FR MD 2 NB TO IS 95 SB
RAMP 1 FR MD 25A NB TO IS 695 WB,RAMP TO WB,EXIT 13 RAMP 1 FR MD 25A NB TO IS 695 WB
RAMP 1 FR MD 295 NB TO IS 395A WB,RAMP TO WB,EXIT 31 RAMP 1 FR MD 295 NB TO IS 395A WB
RAMP 1 FR MD 295 NB TO IS 395A WB,RAMP TO WB,EXIT 31 RAMP 1 FR MD 295 NB TO IS 395A WB
RAMP 1 FR MD 295 NB TO IS 395A WB,RAMP TO WB,CALCULATED LOCATION
RAMP 1 FR MD 295 NB TO S MONROE ST NB,RAMP TO NB,EXIT 30 RAMP 1 FR MD 295 NB TO MONROE ST
RAMP 1 FR MD 41 NB TO IS 695 WB,RAMP TO WB,EXIT 30 RAMP 1 FR MD 41 NB TO IS 695 WB
RAMP 1 FR MD 43 WB TO US 40 WB,RAMP TO WB,EXIT 20 RAMP 1 FR MD 43 WB TO US 40 WB
RAMP 1 FR MD 43 WB TO US 40 WB,RAMP TO WB,CALCULATED LOCATION
RAMP 1 FR MD 43 WB TO US 40 WB,RAMP TO WB,CALCULATED LOCATION
RAMP 1 FR MD 45 NB TO RAMP 8 (TO IS 83),RAMP TO 83),EXIT 33 RAMP 1 FR MD 45 NB TO RAMP 8 (TO IS 83 WB)
RAMP 1 FR MD 45 NB TO RAMP 8(TO IS695WB),RAMP TO IS695WB),EXIT 26 RAMP 1 FR MD 45 NB TO IS 695 WB
RAMP 1 FR MD 695 NB TO MD 151 WB,RAMP TO WB,EXIT 40 RAMP 1 FR MD 695 NB TO MD 151 WB
RAMP 1 FR MD 695 NB TO MD 158 WB,RAMP TO WB,EXIT 43 RAMP 1 FR MD 695 NB TO MD 158 WB
RAMP 1 FR MD 695 NB TO MD 695A WB,RAMP TO WB,EXIT 44 RAMP 1 FR MD 695 NB TO MD 695A WB
RAMP 1 FR MD 695 NB TO MD 7 WB,RAMP TO WB,CALCULATED LOCATION
RAMP 1 FR MD 695 NB TO US 40 WB,RAMP TO WB,EXIT 35 RAMP 1 FR MD 695 NB TO US 40 WB
RAMP 1 FR MD 7 NB TO MD 43 WB,RAMP TO WB,EXIT 4 RAMP 1 FR MD 7 EB TO MD 43 WB
RAMP 1 FR MD 7 NB TO MD 43 WB,RAMP TO WB,CALCULATED LOCATION
RAMP 1 FR MD 700 NB TO MD 150 WB,RAMP TO WB,EXIT 5 RAMP 1 FR MD 700 NB TO MD 150 WB
RAMP 1 FR MD 940 NB TO MD 140 WB,RAMP TO WB,EXIT 5 RAMP 1 FR MD 940 NB TO MD 140 WB (Between MD 940 & Ramp 8)
RAMP 1 FR MD 940 NB TO MD 140 WB,RAMP TO WB,CALCULATED LOCATION
RAMP 1 FR PROVIDENCE RD TO RAMP 8(IS695),RAMP TO 8(IS695),EXIT 28 RAMP 1 FR PROVIDENCE RD NB TO RAMP 8 (TO IS 695 WB)
RAMP 1 FR RAMP 10 (IS83 NB) TO SHAWAN RD,RAMP TO RD,EXIT 20 RAMP 1 FR RAMP 10 (FR IS 83 NB) TO SHAWAN RD WB
RAMP 1 FR RAMP 4 (FR IS 95 NB) TO IS 195,RAMP TO 195,EXIT 47 RAMP 1 FR RAMP 4 (FR IS 95 NB) TO IS 195 WB
RAMP 1 FR RAMP 4 (FR IS 95 NB) TO IS 195,RAMP TO 195,CALCULATED LOCATION
RAMP 1 FR RAMP 4 (FR IS 95) TO MD 150 WB,RAMP TO WB,EXIT 59 RAMP 1 FR RAMP 4 (FR IS 95) TO MD 150 WB
RAMP 1 FR RAMP 4 (FR IS695 NB) TO RAMP 8,RAMP TO 8,EXIT 91 RAMP 1 FR RAMP 4 (FR IS 695 NB) TO RAMP 8 (TO IS 70 WB)
RAMP 1 FR RAMP 4 (FR IS695) TO MD 122 WB,RAMP TO WB,EXIT 17 RAMP 1 FR RAMP 4 (FR IS 695 NB) TO MD 122 WB
RAMP 1 FR RAMP 4 (FR IS795) TO MD 940 WB,RAMP TO WB,EXIT 4 RAMP 1 FR RAMP 4 (FR IS 795 NB) TO OWINGS MILLS BLVD WB
RAMP 1 FR RAMP 4 (FR IS795) TO MD 940 WB,RAMP TO WB,CALCULATED LOCATION
RAMP 1 FR RAMP 4 (FR IS795) TO MD 940 WB,RAMP TO WB,CALCULATED LOCATION
RAMP 1 FR RAMP 4 (FR IS83) TO BELFAST RD,RAMP TO RD,EXIT 24 RAMP 1 FR RAMP 4 (FR IS 83 NB) TO BELFAST RD WB
RAMP 1 FR RAMP 4 (FR KEITH AVE) TO IS95,RAMP TO IS95,EXIT 56 RAMP 1 FR RAMP 4 (FR KEITH AVE) TO IS 95 SB
RAMP 1 FR RAMP 4 (FR MD 695) TO COVE RD,RAMP TO RD,EXIT 41 RAMP 1 FR RAMP 4 (FR MD 695 NB) TO COVE RD WB
RAMP 1 FR RAMP 4 (FR US 1) TO MD 43 WB,RAMP TO WB,EXIT 1 RAMP 1 FR RAMP 4 (FR US 1 NB) TO MD 43 WB
RAMP 1 FR RAMP 4 (IS 95 NB) TO MD 43 WB,RAMP TO WB,EXIT 67 RAMP 1 FR RAMP 4 (FR IS 95 NB) TO MD 43 WB
RAMP 1 FR RAMP 4 TO DRUID PARK LAKE DR,RAMP TO DR,EXIT 7 RAMP 1 FR RAMP 4 (FR IS 83 NB) TO DRUID PARK LAKE DR
RAMP 1 FR RAMP 4 TO DRUID PARK LAKE DR,RAMP TO DR,CALCULATED LOCATION
RAMP 1 FR RAMP 4 TO MIDDLETOWN RD,RAMP TO RD,EXIT 31 RAMP 1 FR RAMP 4 (FR IS 83 NB) TO MIDDLETOWN RD WB
RAMP 1 FR RP 4 (FR IS83 NB) TO MD 137 WB,RAMP TO WB,EXIT 27 RAMP 1 FR RAMP 4 (FR IS 83 NB) TO MD 137 WB
RAMP 1 FR RP 4 (FR IS95 NB) TO IS 695 WB,RAMP TO WB,EXIT 64 RAMP 1 FR RAMP 4 (FR IS 95 NB) TO IS 695 WB
RAMP 1 FR US 1 NB TO IS 695 WB,RAMP TO WB,EXIT 32 RAMP 1 FR US 1 NB TO IS 695 WB (NE)
RAMP 1 FR US 1AL NB TO IS 695 WB,RAMP TO WB,EXIT 10 Ramp 1 from US 1AL NB to IS 695 WB
RAMP 1 FR US 1AL NB TO IS 695 WB,RAMP TO WB,CALCULATED LOCATION
RAMP 10 FR IS 95 NB TO IS 95 NB,RAMP TO NB,EXIT 50 RAMP 10 FR IS 95 NB TO IS 95 NB
RAMP 10 FR IS 95 NB TO IS 95 NB,RAMP TO NB,CALCULATED LOCATION
RAMP 10 FR IS 95 NB TO IS 95 NB,RAMP TO NB,CALCULATED LOCATION
RAMP 10 FR IS 95 NB TO IS 95 NB,RAMP TO NB,CALCULATED LOCATION
RAMP 10 FR IS 95 NB TO IS 95 NB,RAMP TO NB,CALCULATED LOCATION
RAMP 10 FR RAMP 1 (FR IS695) TO MD 372,RAMP TO 372,EXIT 12B RAMP 10 FR RAMP 1 (FR IS 695 NB) TO MD 372 EB
RAMP 10 FR RAMP 9 TO IS 795 NB,RAMP TO NB,EXIT 4 RAMP 10 FR RAMP 9 TO IS 795 NB
RAMP 10 FR RAMP 9 TO SULPHER SPRING RD,RAMP TO RD,EXIT 49 RAMP 10 FR RAMP 9 (FR IS 695 EB) TO SULPHUR SPRING RD EB
RAMP 11 FR RAMP 1 TO MILL RUN CIR,RAMP TO CIR,EXIT 4 RAMP 11 FR IS 795 SB TO MILL RUN CIR
RAMP 11 FROM RAMP 9 TO RAMP 1,RAMP TO 1,EXIT 12B RAMP 11 FR RAMP 9 (FR IS 695 NB) TO RAMP 1 (TO MD 372)
RAMP 12 FR MILL RUN CIR TO RAMP 6,RAMP TO 6,EXIT 4 RAMP 12 FR MILL RUN CIR TO RAMP 6 (TO IS 795 SB)
RAMP 13 FR MD 43 TO IS 95 SB ETL,RAMP TO ETL,EXIT 67 RAMP 13 FR MD 43 TO IS 95 SB ETL
RAMP 14 MD 43 EB TO RP 13 (95 SB ETL),RAMP TO ETL),EXIT 67 RAMP 14 FR MD 43 EB TO RAMP 13 (TO IS 95 SB ETL)
RAMP 15 FR RAMP 5(IS 95 SB)TO MD 43 WB,RAMP 15 FR RAMP 5 IS 95 SB TO MD 43 WB,EXIT 67 RAMP 15 FR RAMP 5(IS 95 SB)TO MD 43 WB
RAMP 2 FR BELFAST RD TO RAMP 3 (TO IS83),RAMP TO IS83),EXIT 24 RAMP 2 FR BELFAST RD WB TO RAMP 3 (TO IS 83 NB)
RAMP 2 FR CHARLES ST TO IS 83 NB,RAMP TO NB,EXIT 5 RAMP 2 FR CHARLES ST TO IS 83 NB
RAMP 2 FR COLD SPRING LA TO IS 83 NB,RAMP TO NB,EXIT 9 RAMP 2 FR COLD SPRING LA TO IS 83 NB
RAMP 2 FR COLD SPRING LA TO IS 83 NB,RAMP TO NB,CALCULATED LOCATION
RAMP 2 FR COVE RD WB TO MD 695 NB,RAMP TO NB,EXIT 41 RAMP 2 FR COVE RD WB TO MD 695 NB
RAMP 2 FR COVE RD WB TO MD 695 NB,RAMP TO NB,CALCULATED LOCATION
RAMP 2 FR E LOMBARD ST TO IS 895 NB,RAMP TO NB,EXIT 12 RAMP 2 FR LOMBARD ST TO IS 895 NB
RAMP 2 FR EDMONDSON AVE TO IS 695 NB,RAMP TO NB,EXIT 14 RAMP 2 FR EDMONDSON AVE TO IS 695 NB (east of Ramp 3)
RAMP 2 FR EDMONDSON AVE TO IS 695 NB,RAMP TO NB,CALCULATED LOCATION
RAMP 2 FR FRANKLIN BLVD TO IS 795 NB,RAMP TO NB,EXIT 7 RAMP 2 FR FRANKLIN BLVD WB TO IS 795 NB
RAMP 2 FR FRANKLIN BLVD TO IS 795 NB,RAMP TO NB,CALCULATED LOCATION
RAMP 2 FR GREENSPRING DR TO IS 83 NB,RAMP TO NB,EXIT 16 RAMP 2 FR GREEN SPRING DR TO IS 83 NB
RAMP 2 FR HOLLINS FERRY RD TO IS 695 NB,RAMP TO NB,EXIT 9 RAMP 2 FR HOLLINS FERRY RD TO IS 695 NB
RAMP 2 FR IS 195 WB TO IS 95 NB,RAMP TO NB,EXIT 47 RAMP 2 FR IS 195 WB TO IS 95 NB
RAMP 2 FR IS 695 WB TO BELLONA AVE,RAMP TO AVE,EXIT 25 RAMP 2 TO FR IS 695 WB TO BELLONA AVE
RAMP 2 FR IS 695 WB TO HAMPTON LA,RAMP TO LA,EXIT 27 RAMP 2 FR IS 695 WB TO HAMPTON LA (TO MD 146 NB)
RAMP 2 FR IS 695 WB TO HAMPTON LA,RAMP TO LA,CALCULATED LOCATION
RAMP 2 FR IS 695 WB TO IS 83 NB,RAMP TO NB,EXIT 14 RAMP 2 FR IS 695 WB TO IS 83 NB
RAMP 2 FR IS 695 WB TO IS 95 NB,RAMP TO NB,EXIT 49 RAMP 2 FR IS 695 WB TO IS 95 NB
RAMP 2 FR IS 695 WB TO IS 95 NB,RAMP TO NB,CALCULATED LOCATION
RAMP 2 FR IS 695 WB TO MD 140 NB,RAMP TO NB,EXIT 20 RAMP 2 FR IS 695 WB TO MD 140 NB
RAMP 2 FR IS 695 WB TO MD 140 NB,RAMP TO NB,CALCULATED LOCATION
RAMP 2 FR IS 695 WB TO MD 147 NB,RAMP TO NB,EXIT 31 RAMP 2 FR IS 695 WB TO MD 147 NB
RAMP 2 FR IS 695 WB TO MD 41 NB,RAMP TO NB,EXIT 30 RAMP 2 FR IS 695 WB TO MD 41 NB
RAMP 2 FR IS 695 WB TO MD 45 NB,RAMP TO NB,EXIT 26 RAMP 2 FR IS 695 WB TO MD 45 NB
RAMP 2 FR IS 695 WB TO MD 45 NB,RAMP TO NB,CALCULATED LOCATION
RAMP 2 FR IS 695 WB TO RP 3 (TO IS95 NB),RAMP TO NB),EXIT 64 RAMP 2 FR IS 695 WB TO RAMP 3 (TO IS 95 NB)
RAMP 2 FR IS 695 WB TO STEVENSON RD NB,RAMP TO NB,EXIT 21 RAMP 2 FR IS 695 WB TO STEVENSON RD NB
RAMP 2 FR IS 695 WB TO STEVENSON RD NB,RAMP TO NB,CALCULATED LOCATION
RAMP 2 FR IS 695 WB TO US 1 NB,RAMP TO NB,EXIT 32 RAMP 2 FR IS 695 WB TO US 1 NB (NE)
RAMP 2 FR IS 695 WB TO US 1AL,RAMP TO 1AL,EXIT 10 Ramp 2 from IS 695 WB to US 1AL NB
RAMP 2 FR IS 70 WB TO IS 695 NB,RAMP TO NB,EXIT 91 RAMP 2 FR IS 70 WB TO IS 695 NB (North of Ramp 7)
RAMP 2 FR IS 70 WB TO IS 695 NB,RAMP TO NB,CALCULATED LOCATION
RAMP 2 FR IS 70 WB TO IS 695 NB,RAMP TO NB,CALCULATED LOCATION
RAMP 2 FR IS 70 WB TO IS 695 NB,RAMP TO NB,CALCULATED LOCATION
RAMP 2 FR IS 70 WB TO MD 122 NB,RAMP TO NB,EXIT 94 RAMP 2 FR IS 70 WB TO MD 122 NB
RAMP 2 FR IS 83 WB TO MD 45 NB,RAMP TO NB,EXIT 33 RAMP 2 FR IS 83 WB TO MD 45 NB
RAMP 2 FR IS 895 WB TO IS 695 NB,RAMP TO NB,EXIT 8A RAMP 2 FR IS 895 WB TO IS 695 NB
RAMP 2 FR IS 95 SB TO KEITH AVE,RAMP TO AVE,EXIT 56 RAMP 2 FR IS 95 SB TO KEITH AVE
RAMP 2 FR IS 95 WB TO IS 395 NB,RAMP TO NB,EXIT 53 RAMP 2 FR IS 95 SB TO IS 395 NB
RAMP 2 FR MADISON AVE TO IS 83 NB,RAMP TO NB,EXIT 3 RAMP 2 FR MADISON AVE TO IS 83 NB
RAMP 2 FR MD 122 WB TO IS 695 NB,RAMP TO NB,EXIT 17 RAMP 2 FR MD 122 WB TO IS 695 NB
RAMP 2 FR MD 122 WB TO IS 695 NB,RAMP TO NB,CALCULATED LOCATION
RAMP 2 FR MD 137 WB TO IS 83 NB,RAMP TO NB,EXIT 27 RAMP 2 FR MD 137 WB TO IS 83 NB
RAMP 2 FR MD 137 WB TO IS 83 NB,RAMP TO NB,CALCULATED LOCATION
RAMP 2 FR MD 144 TO IS 695 NB,RAMP TO NB,EXIT 13 RAMP 2 FR MD 144 TO IS 695 NB (South of Ramp 3)
RAMP 2 FR MD 144 WB TO IS 695 NB,RAMP TO NB,CALCULATED LOCATION
RAMP 2 FR MD 150 WB TO IS 95 NB,RAMP TO NB,EXIT 59 RAMP 2 FR MD 150 WB TO IS 95 NB
RAMP 2 FR MD 150 WB TO MD 700 NB,RAMP TO NB,EXIT 5 RAMP 2 FR MD 150 WB TO MD 700 NB
RAMP 2 FR MD 150 WB TO MD 702 NB,RAMP TO NB,EXIT 1 RAMP 2 FR MD 150 WB TO MD 702 NB
RAMP 2 FR MD 150 WB TO RAMP 1 (TO MD695),RAMP TO MD695),EXIT 38 RAMP 2 FR MD 150 WB TO RAMP 1 (TO MD 695 NB)
RAMP 2 FR MD 151 WB TO MD 150 NB,RAMP TO NB,EXIT 1 RAMP 2 FR MD 151 WB TO MD 150 NB
RAMP 2 FR MD 151 WB TO MD 151B NB,RAMP TO NB,EXIT 1 RAMP 2 FR MD 151 WB TO MD 151B NB
RAMP 2 FR MD 151 WB TO MD 695 NB,RAMP TO NB,EXIT 40 RAMP 2 FR MD 151 WB TO MD 695 NB
RAMP 2 FR MD 151 WB TO MD 695 NB,RAMP TO NB,EXIT 42 RAMP 2 FR MD 151 WB TO MD 695 NB
RAMP 2 FR MD 151 WB TO MD 695 NB,RAMP TO NB,CALCULATED LOCATION
RAMP 2 FR MD 166 WB TO UMBC BLVD NB,RAMP TO NB,EXIT 1 RAMP 2 FR MD 166 WB TO UMBC BLVD NB
RAMP 2 FR MD 173 TO RAMP 3 (TO IS895 NB),RAMP TO NB),EXIT 7 RAMP 2 FR MD 173 TO RAMP 3 (TO IS 895 NB)
RAMP 2 FR MD 26 WB TO IS 695 NB,RAMP TO NB,EXIT 18 RAMP 2 FR MD 26 WB TO IS 695 NB
RAMP 2 FR MD 372 TO IS 695 WB,RAMP TO WB,EXIT 12B RAMP 2 FR MD 372 WB TO IS 695 NB
RAMP 2 FR MD 372 TO IS 695 WB,RAMP TO WB,CALCULATED LOCATION
RAMP 2 FR MD 372 TO IS 695 WB,RAMP TO WB,CALCULATED LOCATION
RAMP 2 FR MD 43 WB TO IS 95 NB,RAMP TO NB,EXIT 67 RAMP 2 FR MD 43 WB TO IS 95 NB
RAMP 2 FR MD 43 WB TO IS 95 NB,RAMP TO NB,CALCULATED LOCATION
RAMP 2 FR MD 43 WB TO RAMP 3 (TO US 1),RAMP TO 1),EXIT 1 RAMP 2 FR MD 43 WB TO RAMP 3 (TO US 1)
RAMP 2 FR MD 439 EB TO IS 83 NB,RAMP TO NB,EXIT 36 RAMP 2 FR MD 439 WB TO IS 83 NB
RAMP 2 FR MD 439 EB TO IS 83 NB,RAMP TO NB,CALCULATED LOCATION
RAMP 2 FR MD 695 WB TO QUARANTINE RD,RAMP TO RD,EXIT 1 RAMP 2 FR MD 695 WB TO QUARANTINE RD NB
RAMP 2 FR MD 695 WB TO RP 3 (TO IS95 NB),RAMP TO NB),CALCULATED LOCATION
RAMP 2 FR MD 7 TO MD 695 NB,RAMP TO NB,EXIT 34 RAMP 2 FR MD 7 WB TO MD 695 NB
RAMP 2 FR MIDDLETOWN RD WB TO IS 83 NB,RAMP TO NB,EXIT 31 RAMP 2 FR MIDDLETOWN RD WB TO IS 83 NB
RAMP 2 FR MIDDLETOWN RD WB TO IS 83 NB,RAMP TO NB,CALCULATED LOCATION
RAMP 2 FR MORAVIA RD TO RAMP 3,RAMP TO 3,EXIT 14 RAMP 2 FR MORAVIA RD TO IS 895 NB
RAMP 2 FR NORTHERN PKWY WB TO RAMP 3,RAMP TO 3,EXIT 10 RAMP 2 FR NORTHERN PKWY WB TO RAMP 3 (TO IS 83 NB)
RAMP 2 FR ODONNELL ST TO IS 95 NB,RAMP TO NB,EXIT 57 RAMP 2 FR O'DONNELL ST TO IS 95 NB
RAMP 2 FR PADONIA RD WB TO IS 83 NB,RAMP TO NB,EXIT 17 RAMP 2 FR PADONIA RD WB TO IS 83 NB
RAMP 2 FR PADONIA RD WB TO IS 83 NB,RAMP TO NB,CALCULATED LOCATION
RAMP 2 FR RAMP 7 (FR IS95) TO US 1AL NB,RAMP TO NB,EXIT 50 RAMP 2 FR RAMP 7 (FR IS 95) TO US 1AL NB
RAMP 2 FR RAMP 7 (FR MD940) TO IS 795 NB,RAMP TO NB,EXIT 4 RAMP 2 FR RAMP 7 (FR OWINGS MILLS BLVD WB) TO IS 795 NB
RAMP 2 FR RAMP 7 FR IS83/IS695 TO MD25A,RAMP TO MD25A,EXIT 13 RAMP 2 FR RAMP 7 FR IS 83/IS 695 TO MD 25A
RAMP 2 FR RAMP 7 TO GREENSPRING AVE SB,RAMP TO SB,EXIT 22 RAMP 2 FR RAMP 7 (FR IS 695 WB) TO GREENSPRING AVE
RAMP 2 FR RAMP 7 TO MD 940 NB,RAMP TO NB,EXIT 5 RAMP 2 FR RAMP 7 (FR MD 140 WB) TO MD 940 NB
RAMP 2 FR RAMP 7(IS695) TO PROVIDENCE RD,RAMP TO RD,EXIT 28 RAMP 2 FR RAMP 7 (FR IS 695 WB) TO PROVIDENCE RD NB
RAMP 2 FR RAMP 8(FR IS83)TO MT ROYAL AVE,RAMP 2 FR RAMP 8 FR IS83 TO MT ROYAL AVE,EXIT 4 RAMP 2 FR RAMP 8 (FR IS 83 SB) TO MT ROYAL AVE
RAMP 2 FR SHAWAN RD WB TO IS 83 NB,RAMP TO NB,EXIT 20 RAMP 2 FR SHAWAN RD WB TO IS 83 NB
RAMP 2 FR SHELL RD TO IS 895 NB,RAMP TO NB,EXIT 8 RAMP 2 FR SHELL RD TO IS 895 NB
RAMP 2 FR SHELL RD TO IS 895 NB,RAMP TO NB,CALCULATED LOCATION
RAMP 2 FR US 1 WB TO IS 195 NB,RAMP TO NB,EXIT 3 RAMP 2 FR US 1 WB TO IS 195 NB (Between US 1 & Ramp 3)
RAMP 2 FR US 1 WB TO IS 195 NB,RAMP TO NB,CALCULATED LOCATION
RAMP 2 FR US 40 WB TO HILTON PKWY,RAMP TO PKWY,EXIT 2 RAMP 2 FR US 40 WB TO HILTON PKWY NB
RAMP 2 FR US 40 WB TO IS 695 NB,RAMP TO NB,EXIT 15 RAMP 2 FR US 40 WB TO IS 695 NB
RAMP 2 FR US 40 WB TO IS 695 NB,RAMP TO NB,CALCULATED LOCATION
RAMP 2 FR US 40 WB TO MD 151 NB,RAMP TO NB,EXIT 8 RAMP 2 FR US 40 WB TO MD 151 NB
RAMP 2 FR US 40 WB TO MD 151 NB,RAMP TO NB,EXIT 8 RAMP 2 FR US 40 WB TO MD 151 NB
RAMP 2 FR US 40 WB TO MD 151 NB,RAMP TO NB,EXIT 8 RAMP 2 FR US 40 WB TO MD 151 NB
RAMP 2 FR US 40 WB TO MD 43 NB,RAMP TO NB,EXIT 20 RAMP 2 FR US 40 WB TO MD 43 NB
RAMP 2 FR US 40 WB TO MD 695 NB,RAMP TO NB,EXIT 35 RAMP 2 FR US 40 WB TO MD 695 NB
RAMP 2 FR US 40 WB TO MORAVIA RD,RAMP TO RD,EXIT 9 RAMP 2 FR US 40 WB TO MORAVIA RD NB
RAMP 2 FR WATERVIEW AVE TO MD 295 NB,RAMP TO NB,EXIT 1 RAMP 2 FR WATERVIEW AVE TO MD 295 NB
RAMP 3 FR 29TH ST TO IS 83 NB,RAMP TO NB,EXIT 7 RAMP 3 FR 29TH ST TO IS 83 NB
RAMP 3 FR BELFAST RD EB TO IS 83 NB,RAMP TO NB,EXIT 24 RAMP 3 FR BELFAST RD EB TO IS 83 NB
RAMP 3 FR BELFAST RD EB TO IS 83 NB,RAMP TO NB,CALCULATED LOCATION
RAMP 3 FR COLD SPRING LA EB TO RAMP 2,RAMP TO 2,EXIT 9 RAMP 3 FR COLD SPRING LA EB TO RAMP 2 (TO IS 83 NB)
RAMP 3 FR COVE RD TO RAMP 7 (TO MD 695),RAMP TO 695),EXIT 41 RAMP 3 FR COVE RD EB TO RAMP 2 (TO MD 695 NB)
RAMP 3 FR EDMONSTON AVE EB TO RAMP 2,RAMP TO 2,EXIT 14 RAMP 3 FR EDMONDSON AVE EB TO RAMP 2 (TO IS 695 NB)
RAMP 3 FR FRANKFURST AVE TO RAMP 2,RAMP TO 2,EXIT 8 RAMP 3 FR FRANKFURST AVE TO RAMP 2 (TO IS 895 NB)
RAMP 3 FR FRANKFURST AVE TO RAMP 2,RAMP TO 2,CALCULATED LOCATION
RAMP 3 FR FRANKLIN BLVD EB TO RAMP 2,RAMP TO 2,EXIT 7 RAMP 3 FR FRANKLIN BLVD EB TO RAMP 2 (TO IS 795 NB)
RAMP 3 FR FREELAND RD EB TO IS 83 NB,RAMP TO NB,EXIT 37 RAMP 3 FR FREELAND RD EB TO IS 83 NB
RAMP 3 FR GAY ST TO IS 83 NB,RAMP TO NB,EXIT 2 RAMP 3 FR GAY ST TO IS 83 NB
RAMP 3 FR IS 195 EB TO IS 95 NB,RAMP TO NB,EXIT 47 RAMP 3 FR IS 195 EB TO IS 95 NB
RAMP 3 FR IS 695 EB TO GREENSPRING AVE,RAMP TO AVE,CALCULATED LOCATION
RAMP 3 FR IS 695 EB TO GREENSPRING AVE,RAMP TO AVE,EXIT 22 RAMP 3 FR IS 695 EB TO GREENSPRING AVE
RAMP 3 FR IS 695 EB TO MD 139,RAMP TO 139,EXIT 25 RAMP 3 FR IS 695 EB TO MD 139 NB (EAST OF RAMP 6)
RAMP 3 FR IS 695 EB TO MD 139,RAMP TO 139,EXIT 25 RAMP 3 FR IS 695 EB TO MD 139 NB (WEST OF RAMP 9)
RAMP 3 FR IS 695 EB TO MD 139 NB,RAMP TO NB,CALCULATED LOCATION
RAMP 3 FR IS 695 EB TO MD 146 NB,RAMP TO NB,EXIT 27 RAMP 3 FR IS 695 EB TO MD 146 NB
RAMP 3 FR IS 695 EB TO MD 41 NB,RAMP TO NB,EXIT 30 RAMP 3 FR IS 695 EB TO MD 41 NB
RAMP 3 FR IS 695 EB TO MD 45 NB,RAMP TO NB,EXIT 26 RAMP 3 FR IS 695 EB TO MD 45 NB
RAMP 3 FR IS 695 EB TO PROVIDENCE RD NB,RAMP TO NB,EXIT 28 RAMP 3 FR IS 695 EB TO PROVIDENCE RD NB (North of Ramp 6)
RAMP 3 FR IS 695 EB TO PROVIDENCE RD NB,RAMP TO NB,CALCULATED LOCATION
RAMP 3 FR IS 695 EB TO US 1 NB,RAMP TO NB,EXIT 32 RAMP 3 FR IS 695 EB TO US 1 NB (NE)
RAMP 3 FR IS 795 EB TO IS 695 NB,RAMP TO NB,EXIT 19 RAMP 3 FR IS 795 SB TO IS 695 EB
RAMP 3 FR IS 83/IS 695 EB TO IS 83 NB,RAMP TO NB,EXIT 14 RAMP 3 FR IS 83/IS 695 EB TO IS 83 NB
RAMP 3 FR IS 83/IS 695 EB TO IS 83 NB,RAMP TO NB,EXIT 13 RAMP 3 FR IS 83/695 EB TO MD 25A NB
RAMP 3 FR IS 95 EB TO IS 395 NB,RAMP TO NB,EXIT 53 RAMP 3 FR IS 95 NB TO IS 395 NB
RAMP 3 FR IS 95 EB TO MD 295 NB,RAMP TO NB,EXIT 52 RAMP 3 FR IS 95 NB TO MD 295 NB
RAMP 3 FR IS 95 NB TO KEITH AVE,RAMP TO AVE,EXIT 56 RAMP 3 FR IS 95 NB TO KEITH AVE
RAMP 3 FR MD 122 EB TO RAMP 2 (TO IS695),RAMP TO IS695),EXIT 17 RAMP 3 FR MD 122 EB TO RAMP 2 (TO IS 695 NB)
RAMP 3 FR MD 137 TO RAMP 2 (TO IS 83),RAMP TO 83),EXIT 27 RAMP 3 FR MD 137 EB TO RAMP 2 (TO IS 83 NB)
RAMP 3 FR MD 144 EB TO RAMP 2 (TO IS695),RAMP TO IS695),EXIT 13 RAMP 3 FR MD 144 EB TO RAMP 2 (TO IS 695 NB)
RAMP 3 FR MD 150 EB TO IS 95 NB,RAMP TO NB,EXIT 59 RAMP 3 FR MD 150 EB TO IS 95 NB
RAMP 3 FR MD 150 EB TO MD 700 NB,RAMP TO NB,EXIT 5 RAMP 3 FR MD 150 EB TO MD 700 NB
RAMP 3 FR MD 150 EB TO MD 702 NB,RAMP TO NB,EXIT 1 RAMP 3 FR MD 150 EB TO MD 702 NB
RAMP 3 FR MD 150 EB TO RAMP 1 (TO MD695),RAMP TO MD695),EXIT 38 RAMP 3 FR MD 150 EB TO RAMP 1 (TO MD 695 NB)
RAMP 3 FR MD 151 EB TO MD 150 NB,RAMP TO NB,EXIT 1 RAMP 3 FR MD 151 EB TO MD 150 NB
RAMP 3 FR MD 151 EB TO MD 151B NB,RAMP TO NB,EXIT 1 RAMP 3 FR MD 151 EB TO MD 151B NB
RAMP 3 FR MD 151 EB TO MD 695 NB,RAMP TO NB,EXIT 42 RAMP 3 FR MD 151 EB TO MD 695 NB
RAMP 3 FR MD 158 TO MD 695 NB,RAMP TO NB,EXIT 43 RAMP 3 FR MD 158 TO MD 695 NB
RAMP 3 FR MD 2 TO IS 895 NB,RAMP TO NB,EXIT 7 RAMP 3 FR MD 2 TO IS 895 NB (south of Ramp 2)
RAMP 3 FR MD 2 TO IS 895 NB,RAMP TO NB,CALCULATED LOCATION
RAMP 3 FR MD 2 TO IS 895 NB,RAMP TO NB,CALCULATED LOCATION
RAMP 3 FR MD 26 EB TO IS 695 NB,RAMP TO NB,EXIT 18 RAMP 3 FR MD 26 EB TO RAMP 9 (TO IS 695 NB)
RAMP 3 FR MD 372 EB TO RAMP 2 (TO IS695),RAMP TO IS695),EXIT 12B RAMP 3 FR MD 372 EB TO RAMP 2 (TO IS 695 NB)
RAMP 3 FR MD 43 EB TO IS 95 NB,RAMP TO NB,EXIT 67 RAMP 3 FR MD 43 EB TO IS 95 NB (old alignment)
RAMP 3 FR MD 43 EB TO MD 7J (TO MD 7),RAMP TO 7),EXIT 4 RAMP 3 FR MD 43 EB TO MD 7J (INDUSTRIAL PARK DR)
RAMP 3 FR MD 43 EB TO MD 7J (TO MD 7),RAMP TO 7),CALCULATED LOCATION
RAMP 3 FR MD 43 EB TO US 1 NB,RAMP TO NB,EXIT 1 RAMP 3 FR MD 43 EB TO US 1 NB
RAMP 3 FR MD 43 EB TO US 1 NB,RAMP TO NB,CALCULATED LOCATION
RAMP 3 FR MD 43 EB TO US 1 NB,RAMP TO NB,CALCULATED LOCATION
RAMP 3 FR MD 439 WB TO RAMP 2 (TO IS 83),RAMP TO 83),EXIT 36 RAMP 3 FR MD 439 EB TO IS 83 NB
RAMP 3 FR MD 648E TO MD 295 NB,RAMP TO NB,EXIT 2 RAMP 3 FR RUSSELL ST TO MD 295 NB
RAMP 3 FR MD 940 EB TO IS 795 NB,RAMP TO NB,EXIT 4 RAMP 3 FR OWINGS MILLS BLVD EB TO IS 795 NB
RAMP 3 FR MIDDLETOWN RD TO RAMP 2,RAMP TO 2,EXIT 31 RAMP 3 FR MIDDLETOWN RD EB TO RAMP 2 (TO IS 83 NB)
RAMP 3 FR MORAVIA RD EB TO IS 895 NB,RAMP TO NB,CALCULATED LOCATION
RAMP 3 FR MORAVIA RD TO IS 895 NB,RAMP TO NB,EXIT 14 RAMP 3 FR MORAVIA RD TO IS 895 NB
RAMP 3 FR NORTHERN PKWY EB TO IS 83 NB,RAMP TO NB,EXIT 10 RAMP 3 FR NORTHERN PKWY EB TO IS 83 NB
RAMP 3 FR NORTHERN PKWY EB TO IS 83 NB,RAMP TO NB,CALCULATED LOCATION
RAMP 3 FR NORTHERN PKWY EB TO IS 83 NB,RAMP TO NB,CALCULATED LOCATION
RAMP 3 FR PADONIA RD TO RAMP 2 (TO IS83),RAMP TO IS83),EXIT 17 RAMP 3 FR PADONIA RD WB TO RAMP 2 (TO IS 83 NB)
RAMP 3 FR RAMP 10 (FR IS95) TO US 1AL NB,RAMP TO NB,EXIT 50 RAMP 3 FR RAMP 10 (FR IS 95) TO US 1AL NB
RAMP 3 FR RAMP 5 TO WASHINGTON BLVD,RAMP TO BLVD,EXIT 51 RAMP 3 FR RAMP 5 (FR IS 95 NB) TO WASHINGTON BLVD
RAMP 3 FR RAMP 6 (FR IS695) TO LEEDS AVE,RAMP TO AVE,EXIT 12A RAMP 3 FR RAMP 6 (FR IS 695) TO LEEDS AVE
RAMP 3 FR RAMP 6 (FR IS695) TO MD 129 NB,RAMP TO NB,EXIT 21 RAMP 3 FR RAMP 6 (FR IS 695 EB) TO MD 129 NB
RAMP 3 FR RAMP 6 (FR IS695) TO MD 140 NB,RAMP TO NB,EXIT 20 RAMP 3 FR RAMP 6 (FR IS 695 EB) TO MD 140 NB
RAMP 3 FR RAMP 6 TO QUARANTINE RD NB,RAMP TO NB,EXIT 1 RAMP 3 FR RAMP 6 (FR MD 695) TO QUARANTINE RD NB
RAMP 3 FR RAMP 6 TO RAMP 2 (TO IS695 NB),RAMP TO NB),EXIT 91 RAMP 3 FR RAMP 6 (FR IS 70 EB) TO IS 695 NB
RAMP 3 FR RP 6 (FR IS695 EB) TO IS 95 NB,RAMP TO NB,EXIT 64 RAMP 3 FR RAMP 6 (FR IS 695 EB) TO IS 95 NB
RAMP 3 FR RP 6 (FR IS695 EB) TO IS 95 NB,RAMP TO NB,CALCULATED LOCATION
RAMP 3 FR RP 6 (IS 695 EB) TO MD 147 NB,RAMP TO NB,EXIT 31 RAMP 3 FR RAMP 6 (FR IS 695 EB) TO MD 147 NB
RAMP 3 FR RP6 (IS695SB)TO RP2 (IS95NB),RAMP 3 FR RP6 IS695SB TO RP2 IS95NB,EXIT 49 RAMP 3 FR RAMP 6 (FR IS 695 EB) TO RAMP 2 (TO IS 95 NB)
RAMP 3 FR SHAWAN RD EB TO RAMP 10,RAMP TO 10,EXIT 20 RAMP 3 FR SHAWAN RD EB TO RAMP 10 (TO IS 83 NB)
RAMP 3 FR TIMONIUM RD EB TO IS 83 NB,RAMP TO NB,EXIT 16 RAMP 3 FR TIMONIUM RD EB TO IS 83 NB
RAMP 3 FR US 1 EB TO IS 83 NB,RAMP TO NB,EXIT 6 RAMP 3 FR US 1 EB TO IS 83 NB
RAMP 3 FR US 1 EB TO IS 83 NB,RAMP TO NB,CALCULATED LOCATION
RAMP 3 FR US 1 EB TO RAMP 2 (TO IS 195),RAMP TO 195),EXIT 3 RAMP 3 FR US 1 EB TO RAMP 2 (TO IS 195 NB)
RAMP 3 FR US 40 EB TO HILTON PKWY,RAMP TO PKWY,EXIT 2 RAMP 3 FR US 40 EB TO HILTON PKWY
RAMP 3 FR US 40 EB TO MD 695 NB,RAMP TO NB,EXIT 35 RAMP 3 FR US 40 EB TO MD 695 NB
RAMP 3 FR US 40 EB TO MORAVIA RD,RAMP TO RD,EXIT 9 RAMP 3 FR US 40 EB TO MORAVIA RD NB
RAMP 3 FR US 40 EB TO RAMP 2 (TO IS695),RAMP TO IS695),EXIT 15 RAMP 3 FR US 40 EB TO RAMP 2 (TO IS 695 NB)
RAMP 4 FR FT ARMISTEAD RD TO MD 695 EB,RAMP TO EB,EXIT 1 RAMP 4 FR FT ARMISTEAD RD TO MD 695 EB (SOUTH OF RAMP 9)
RAMP 4 FR GREENSPRING AVE TO IS 695 EB,RAMP TO EB,EXIT 22 RAMP 4 FR GREENSPRING AVE TO IS 695 EB
RAMP 4 FR GREENSPRING AVE TO IS 695 EB,RAMP TO EB,CALCULATED LOCATION
RAMP 4 FR HILTON PKWY TO US 40 EB,RAMP TO EB,EXIT 2 RAMP 4 FR HILTON PKWY NB TO US 40 EB
RAMP 4 FR IS 395A NB TO LEE ST,RAMP TO ST,EXIT 1 RAMP 4 FR IS 395A NB TO LEE ST
RAMP 4 FR IS 695 NB TO EDMONDSON AVE,RAMP TO AVE,EXIT 14 RAMP 4 FR IS 695 NB TO EDMONDSON AVE EB
RAMP 4 FR IS 695 NB TO IS 70 EB,RAMP TO EB,EXIT 91 RAMP 4 FR IS 695 NB TO IS 70 EB
RAMP 4 FR IS 695 NB TO IS 70 EB,RAMP TO EB,CALCULATED LOCATION
RAMP 4 FR IS 695 NB TO IS 70 EB,RAMP TO EB,CALCULATED LOCATION
RAMP 4 FR IS 695 NB TO IS 70 EB,RAMP TO EB,CALCULATED LOCATION
RAMP 4 FR IS 695 NB TO MD 122 EB,RAMP TO EB,EXIT 17 RAMP 4 FR IS 695 NB TO MD 122 EB
RAMP 4 FR IS 695 NB TO MD 122 EB,RAMP TO EB,CALCULATED LOCATION
RAMP 4 FR IS 695 NB TO MD 144,RAMP TO 144,EXIT 13 RAMP 4 FR IS 695 NB TO MD 144
RAMP 4 FR IS 695 NB TO MD 26 EB,RAMP TO EB,EXIT 18 RAMP 4 FR IS 695 NB TO MD 26 EB
RAMP 4 FR IS 695 NB TO MD 372 EB,RAMP TO EB,EXIT 12B RAMP 4 FR IS 695 NB TO MD 372 EB
RAMP 4 FR IS 695 NB TO US 40 EB,RAMP TO EB,EXIT 15 RAMP 4 FR IS 695 NB TO US 40 EB
RAMP 4 FR IS 795 NB TO FRANKLIN BLVD,RAMP TO BLVD,EXIT 7 RAMP 4 FR IS 795 NB TO FRANKLIN BLVD EB
RAMP 4 FR IS 795 NB TO MD 940 EB,RAMP TO EB,EXIT 4 RAMP 4 FR IS 795 NB TO OWINGS MILLS BLVD EB
RAMP 4 FR IS 795 NB TO MD 940 EB,RAMP TO EB,CALCULATED LOCATION
RAMP 4 FR IS 795 NB TO MD 940 EB,RAMP TO EB,CALCULATED LOCATION
RAMP 4 FR IS 795 NB TO MD 940 EB,RAMP TO EB,CALCULATED LOCATION
RAMP 4 FR IS 795 NB TO MD 940 EB,RAMP TO EB,CALCULATED LOCATION
RAMP 4 FR IS 83 NB TO BELFAST RD EB,RAMP TO EB,EXIT 24 RAMP 4 FR IS 83 NB to BELFAST RD EB
RAMP 4 FR IS 83 NB TO BELFAST RD EB,RAMP TO EB,CALCULATED LOCATION
RAMP 4 FR IS 83 NB TO COLD SPRING LA EB,RAMP TO EB,EXIT 9 RAMP 4 FR IS 83 NB TO COLD SPRING LA EB
RAMP 4 FR IS 83 NB TO FALLSWAY,RAMP TO FALLSWAY,EXIT 3 RAMP 4 FR IS 83 NB TO FALLSWAY
RAMP 4 FR IS 83 NB TO IS 83/IS 695 EB,RAMP TO EB,EXIT 13 RAMP 4 FR IS 83 NB TO IS 83/IS 695 EB
RAMP 4 FR IS 83 NB TO MD 137 EB,RAMP TO EB,EXIT 27 RAMP 4 FR IS 83 NB TO MD 137 EB
RAMP 4 FR IS 83 NB TO MD 137 EB,RAMP TO EB,CALCULATED LOCATION
RAMP 4 FR IS 83 NB TO MD 25 EB,RAMP TO EB,EXIT 8 RAMP 4 FR IS 83 NB TO MD 25 EB
RAMP 4 FR IS 83 NB TO MD 943 EB,RAMP TO EB,EXIT 18 RAMP 4 FR IS 83 NB TO MD 943 EB
RAMP 4 FR IS 83 NB TO MIDDLETOWN RD EB,RAMP TO EB,EXIT 31 RAMP 4 FR IS 83 NB TO MIDDLETOWN RD EB
RAMP 4 FR IS 83 NB TO MIDDLETOWN RD EB,RAMP TO EB,CALCULATED LOCATION
RAMP 4 FR IS 83 NB TO MTA SERVICE RD,RAMP TO RD,EXIT 6 RAMP 4 FR IS 83 NB TO MTA SERVICE RD
RAMP 4 FR IS 83 NB TO NORTHERN PKWY EB,RAMP TO EB,EXIT 10 RAMP 4 FR IS 83 NB TO NORTHERN PKWY EB
RAMP 4 FR IS 83 NB TO PADONIA RD EB,RAMP TO EB,EXIT 17 RAMP 4 FR IS 83 NB TO PADONIA RD EB
RAMP 4 FR IS 83 NB TO PADONIA RD EB,RAMP TO EB,CALCULATED LOCATION
RAMP 4 FR IS 83 NB TO RUXTON RD,RAMP TO RD,EXIT 12 RAMP 4 FR IS 83 NB TO RUXTON RD
RAMP 4 FR IS 83 NB TO TIMONIUM RD EB,RAMP TO EB,EXIT 16 RAMP 4 FR IS 83 NB TO TIMONIUM RD EB
RAMP 4 FR IS 895 NB TO CHILDS ST,RAMP TO ST,EXIT 9 RAMP 4 FR IS 895 NB TO CHILDS ST
RAMP 4 FR IS 895 NB TO HOLABIRD AVE,RAMP TO AVE,EXIT 10 RAMP 4 FR IS 895 NB TO HOLABIRD AVE
RAMP 4 FR IS 895 NB TO US 40 EB,RAMP TO EB,EXIT 13 RAMP 4 FR IS 895 NB TO US 40/DEBELOUIS AVE EB
RAMP 4 FR IS 95 NB TO DUNDALK AVE,RAMP TO AVE,EXIT 58 RAMP 4 FR IS 95 NB TO DUNDALK AVE
RAMP 4 FR IS 95 NB TO IS 195 EB,RAMP TO EB,EXIT 47 RAMP 4 FR IS 95 NB TO IS 195 EB (Between Ramp 1 & IS 195)
RAMP 4 FR IS 95 NB TO IS 195 EB,RAMP TO EB,CALCULATED LOCATION
RAMP 4 FR IS 95 NB TO IS 695 EB,RAMP TO EB,EXIT 49 RAMP 4 FR IS 95 NB TO IS 695 EB
RAMP 4 FR IS 95 NB TO IS 695 EB,RAMP TO EB,CALCULATED LOCATION
RAMP 4 FR IS 95 NB TO IS 695/MD 695 EB,RAMP TO EB,EXIT 64 RAMP 4 FR IS 95 NB TO IS 695/MD 695 EB
RAMP 4 FR IS 95 NB TO MD 150 EB,RAMP TO EB,EXIT 59 RAMP 4 FR IS 95 NB TO MD 150 EB
RAMP 4 FR IS 95 NB TO MD 43 EB,RAMP TO EB,EXIT 67 RAMP 4 FR IS 95 NB TO MD 43 EB
RAMP 4 FR IS 95 NB TO MD 43 EB,RAMP TO EB,CALCULATED LOCATION
RAMP 4 FR IS 95 NB TO RP 5 (TO IS695 EB),RAMP TO EB),CALCULATED LOCATION
RAMP 4 FR IS 95 NB TO US 40 EB,RAMP TO EB,EXIT 61 RAMP 4 FR IS 95 NB TO US 40 EB
RAMP 4 FR IS895 NB TO ODONNELL ST CUTOFF,RAMP TO CUTOFF,EXIT 11A RAMP 4 FR IS 895 NB TO O'DONNELL ST CUTOFF
RAMP 4 FR KEITH AVE TO IS 95 NB,RAMP TO NB,EXIT 56 RAMP 4 FR KEITH AVE TO RAMP 1 (TO IS 95 NB)
RAMP 4 FR KEITH AVE TO IS 95 NB,RAMP TO NB,CALCULATED LOCATION
RAMP 4 FR KEITH AVE TO IS 95 NB,RAMP TO NB,CALCULATED LOCATION
RAMP 4 FR MCCOMAS ST TO IS 95 EB,RAMP TO EB,EXIT 55 RAMP 4 FR MCCOMAS ST TO IS 95 NB
RAMP 4 FR MD 122 NB TO IS 70 EB,RAMP TO EB,CALCULATED LOCATION
RAMP 4 FR MD 139 NB TO IS 695 EB,RAMP TO EB,EXIT 25 RAMP 4 FR MD 139 NB TO IS 695 EB
RAMP 4 FR MD 139 NB TO IS 695 EB,RAMP TO EB,CALCULATED LOCATION
RAMP 4 FR MD 140 NB TO IS 695 EB,RAMP TO EB,EXIT 20 RAMP 4 FR MD 140 NB TO IS 695 EB
RAMP 4 FR MD 140 NB TO IS 695 EB,RAMP TO EB,CALCULATED LOCATION
RAMP 4 FR MD 146 NB TO RAMP 5 (TO IS695),RAMP TO IS695),EXIT 27 RAMP 4 FR MD 146 NB TO RAMP 5 (TO IS 695 EB)
RAMP 4 FR MD 147 NB TO IS 695 EB,RAMP TO EB,EXIT 31 RAMP 4 FR MD 147 NB TO IS 695 EB
RAMP 4 FR MD 150 NB TO MD 151 EB,RAMP TO EB,EXIT 1 RAMP 4 FR MD 150 NB TO MD 151 EB
RAMP 4 FR MD 151B NB TO MD 151 EB,RAMP TO EB,EXIT 1 RAMP 4 FR MD 151B NB TO MD 151 EB
RAMP 4 FR MD 151B NB TO MD 151 EB,RAMP TO EB,CALCULATED LOCATION
RAMP 4 FR MD 295 NB TO IS 895 EB,RAMP TO EB,EXIT 4 RAMP 4 FR MD 295 NB TO IS 895 EB
RAMP 4 FR MD 295 NB TO IS 95 EB,RAMP TO EB,EXIT 52 RAMP 4 FR MD 295 NB TO IS 95 NB
RAMP 4 FR MD 295 NB TO MD 648E,RAMP TO 648E,EXIT 2 RAMP 4 FR MD 295 NB TO RUSSELL ST (AHEAD)
RAMP 4 FR MD 295 NB TO WATERVIEW AVE,RAMP TO AVE,EXIT 1 RAMP 4 FR MD 295 NB TO WATERVIEW AVE
RAMP 4 FR MD 41 NB TO IS 695 EB,RAMP TO EB,EXIT 30 RAMP 4 FR MD 41 NB TO IS 695 EB
RAMP 4 FR MD 45 NB TO IS 695 EB,RAMP TO EB,EXIT 26 RAMP 4 FR MD 45 NB TO IS 695 EB
RAMP 4 FR MD 45 NB TO IS 83 EB,RAMP TO EB,EXIT 33 RAMP 4 FR MD 45 NB TO IS 83 EB
RAMP 4 FR MD 542 NB TO IS 695 EB,RAMP TO EB,EXIT 29B RAMP 4 FR MD 542 NB TO IS 695 EB
RAMP 4 FR MD 695 NB TO COVE RD EB,RAMP TO EB,EXIT 41 RAMP 4 FR MD 695 NB TO COVE RD EB
RAMP 4 FR MD 695 NB TO COVE RD EB,RAMP TO EB,CALCULATED LOCATION
RAMP 4 FR MD 695 NB TO MD 150 EB,RAMP TO EB,EXIT 38 RAMP 4 FR MD 695 NB TO MD 150 EB (SOUTH OF RAMP 9)
RAMP 4 FR MD 695 NB TO MD 150 EB,RAMP TO EB,CALCULATED LOCATION
RAMP 4 FR MD 695 NB TO MD 158 EB,RAMP TO EB,EXIT 43 RAMP 4 FR MD 695 NB TO MD 158 EB (NORTH OF RAMP 1)
RAMP 4 FR MD 695 NB TO MD 158 EB,RAMP TO EB,CALCULATED LOCATION
RAMP 4 FR MD 695 NB TO MD 702 EB,RAMP TO EB,EXIT 36 RAMP 4 FR MD 695 NB TO MD 702 EB
RAMP 4 FR MD 695 NB TO US 40 EB,RAMP TO EB,EXIT 35 RAMP 4 FR MD 695 NB TO US 40 EB
RAMP 4 FR MD 700 NB TO US 40 EB,RAMP TO EB,EXIT 18 RAMP 4 FR MD 700 NB TO US 40 EB
RAMP 4 FR PROVIDENCE RD NB TO IS 695 EB,RAMP TO EB,EXIT 28 RAMP 4 FR PROVIDENCE RD NB TO IS 695 EB
RAMP 4 FR PROVIDENCE RD NB TO IS 695 EB,RAMP TO EB,CALCULATED LOCATION
RAMP 4 FR RAMP 1 (FR IS 195) TO US 1,RAMP TO 1,EXIT 3 RAMP 4 FR RAMP 1 (FR IS 195 NB) TO US 1
RAMP 4 FR RAMP 1 (FR MD 295) TO IS 395A,RAMP TO 395A,EXIT 31 RAMP 4 FR RAMP 1 (FR MD 295 NB) TO IS 395A
RAMP 4 FR RAMP 1 (FR MD 43) TO US 40 EB,RAMP TO EB,EXIT 20 RAMP 4 FR RAMP 1 (FR MD 43) TO US 40 EB
RAMP 4 FR RAMP 1 (FR MD 695) TO MD 7 EB,RAMP TO EB,EXIT 34 RAMP 4 FR RAMP 1 (FR MD 695 NB) TO MD 7 EB
RAMP 4 FR RAMP 1 (FR MD695) TO MD 151 EB,RAMP TO EB,EXIT 6 RAMP 4 FR RAMP 1 (FR MD 695) TO MD 151 EB
RAMP 4 FR RAMP 1 TO HOLLINS FERRY RD EB,RAMP TO EB,EXIT 9 RAMP 4 FR RAMP 1 (FR IS 695 NB) TO HOLLINS FERRY RD EB
RAMP 4 FR RAMP 1 TO INTERSTATE AVE,RAMP TO AVE,EXIT 57 RAMP 4 FR RAMP 1 TO INTERSTATE AVE
RAMP 4 FR RAMP 10 TO SHAWAN RD EB,RAMP TO EB,EXIT 20 RAMP 4 FR RAMP 10 (FR IS 83 NB) TO SHAWAN RD EB
RAMP 4 FR RAMP 3 TO RAMP 5 (TO 28TH ST),RAMP TO ST),EXIT 7 RAMP 4 FR RAMP 3 (FR IS 83 NB) TO RAMP 5 (TO 28TH ST)
RAMP 4 FR RAMP 3 TO RAMP 5 (TO 28TH ST),RAMP TO ST),CALCULATED LOCATION
RAMP 4 FR RAMP 3 TO RAMP 5 (TO 28TH ST),RAMP TO ST),CALCULATED LOCATION
RAMP 4 FR RAMP 3 TO RAMP 5 (TO 28TH ST),RAMP TO ST),CALCULATED LOCATION
RAMP 4 FR ROLLING RD TO MD 166 SB,RAMP TO SB,EXIT 1 RAMP 4 FR ROLLING RD TO MD 166 SB
RAMP 4 FR STEVENSON RD NB TO IS 695 EB,RAMP TO EB,EXIT 21 RAMP 4 FR STEVENSON RD NB TO IS 695 EB
RAMP 4 FR US 1 NB TO IS 695 EB,RAMP TO EB,EXIT 32 RAMP 4 FR US 1 NB TO IS 695 EB (NE)
RAMP 4 FR US 1 NB TO IS 895 EB,RAMP TO EB,EXIT 1 RAMP 4 FR US 1 NB TO IS 895 EB
RAMP 4 FR US 1 NB TO MD 43 EB,RAMP TO EB,EXIT 1 RAMP 4 FR US 1 NB TO MD 43 EB
RAMP 4 FR US 1 NB TO MD 43 EB,RAMP TO EB,CALCULATED LOCATION
RAMP 4 FR US 1AL NB TO IS 695 EB,RAMP TO EB,EXIT 10 Ramp 4 from US 1AL NB to IS 695 EB
RAMP 4 FR US 1AL NB TO IS 695 EB,RAMP TO EB,CALCULATED LOCATION
RAMP 4 FR US 1AL NB TO RAMP 10 (TO IS95),RAMP TO IS95),EXIT 50 RAMP 4 FR US 1AL NB TO RAMP 10 (TO IS 95)
RAMP 5 FR GREENSPRING AVE TO RAMP 4,RAMP TO 4,EXIT 22 RAMP 5 FR GREENSPRING AVE TO RAMP 4 (TO IS 695 EB)
RAMP 5 FR IS 395 SB TO IS 95 EB,RAMP TO EB,EXIT 53 RAMP 5 FR IS 395 SB TO IS 95 NB
RAMP 5 FR IS 695 EB TO MD 372 WB,RAMP TO WB,EXIT 12B RAMP 5 FR IS 695 SB TO MD 372 WB
RAMP 5 FR IS 695 EB TO MD 372 WB,RAMP TO WB,CALCULATED LOCATION
RAMP 5 FR IS 695 SB TO HOLLINS FERRY RD,RAMP TO RD,EXIT 9 RAMP 5 FR IS 695 SB TO HOLLINS FERRY RD
RAMP 5 FR IS 695 SB TO HOLLINS FERRY RD,RAMP TO RD,CALCULATED LOCATION
RAMP 5 FR IS 695 SB TO IS 895 EB,RAMP TO EB,EXIT 8A RAMP 5 FR IS 695 SB TO IS 895 EB
RAMP 5 FR IS 695 SB TO MD 542 EB,RAMP TO EB,EXIT 29B RAMP 5 FR IS 695 EB TO MD 542 SB
RAMP 5 FR IS 695 SB TO US 40 EB,RAMP TO EB,EXIT 15 RAMP 5 FR IS 695 SB TO US 40 EB
RAMP 5 FR IS 83 SB TO COLD SPRING LA EB,RAMP TO EB,EXIT 9 RAMP 5 FR IS 83 SB TO COLD SPRING LA EB
RAMP 5 FR IS 83 SB TO COLD SPRING LA EB,RAMP TO EB,CALCULATED LOCATION
RAMP 5 FR IS 83 SB TO IS 695 EB,RAMP TO EB,EXIT 14 RAMP 5 FR IS 83 SB TO IS 695 EB
RAMP 5 FR IS 83 SB TO IS 695 EB,RAMP TO EB,EXIT 13 RAMP 5 FR IS 83 SB TO IS 83/IS 695 EB
RAMP 5 FR IS 83 SB TO IS 695 EB,RAMP TO EB,CALCULATED LOCATION
RAMP 5 FR IS 83 SB TO MARYLAND AVE,RAMP TO AVE,EXIT 5 RAMP 5 FR IS 83 SB TO MARYLAND AVE
RAMP 5 FR IS 83 SB TO MD 439,RAMP TO 439,EXIT 36 RAMP 5 FR IS 83 SB TO MD 439
RAMP 5 FR IS 83 SB TO SHAWAN RD EB,RAMP TO EB,EXIT 20 RAMP 5 FR IS 83 SB TO SHAWAN RD EB
RAMP 5 FR IS 895 SB TO E LOMBARD ST,RAMP TO ST,EXIT 12 RAMP 5 FR IS 895 SB TO EB LOMBARD ST
RAMP 5 FR IS 895 SB TO FRANKFURST AVE,RAMP TO AVE,EXIT 8 RAMP 5 FR IS 895 SB TO FRANKFURST AVE EB
RAMP 5 FR IS 895 SB TO MD 2,RAMP TO 2,EXIT 7 RAMP 5 FR IS 895 SB TO POTEE ST
RAMP 5 FR IS 95 SB TO ODONNELL ST,RAMP TO ST,EXIT 57 RAMP 5 FR IS 95 SB TO O'DONNELL ST
RAMP 5 FR IS 95 SB TO ODONNELL ST,RAMP TO ST,CALCULATED LOCATION
RAMP 5 FR IS 95 SB TO RAMP 4 (TO IS 695),RAMP TO 695),EXIT 49 RAMP 5 FR IS 95 SB TO RAMP 4 (TO IS 695 EB)
RAMP 5 FR MD 139 SB TO RAMP 4 (TO IS695),RAMP TO IS695),EXIT 25 RAMP 5 FR MD 139 SB TO RAMP 4 (TO IS 695 EB)
RAMP 5 FR MD 140 SB TO RAMP 4(TO IS695),RAMP TO IS695),EXIT 20 RAMP 5 FR MD 140 SB TO RAMP 4 (TO IS 695 EB)
RAMP 5 FR MD 146 SB TO IS 695 EB,RAMP TO EB,EXIT 27 RAMP 5 FR MD 146 SB TO IS 695 EB
RAMP 5 FR MD 146 SB TO IS 695 EB,RAMP TO EB,CALCULATED LOCATION
RAMP 5 FR MD 147 SB TO IS 695 EB,RAMP TO EB,EXIT 31 RAMP 5 FR MD 147 SB TO IS 695 EB
RAMP 5 FR MD 150 SB TO MD 151 EB,RAMP TO EB,EXIT 1 RAMP 5 FR MD 150 SB TO MD 151 EB
RAMP 5 FR MD 151 SB TO US 40 EB,RAMP TO EB,EXIT 8 RAMP 5 FR MD 151 SB TO US 40 EB
RAMP 5 FR MD 151 SB TO US 40 EB,RAMP TO EB,CALCULATED LOCATION
RAMP 5 FR MD 151B SB TO RAMP 4(TO MD151),RAMP TO MD151),EXIT 1 RAMP 5 FR MD 151B SB TO RAMP 4 (TO MD 151)
RAMP 5 FR MD 295 SB TO MD 648E,RAMP TO 648E,EXIT 2 RAMP 5 FR MD 295 SB TO MANOKIN ST (AHEAD)
RAMP 5 FR MD 41 SB TO IS 695 EB,RAMP TO EB,EXIT 30 RAMP 5 FR MD 41 SB TO IS 695 EB
RAMP 5 FR MD 45A TO IS 695 EB,RAMP TO EB,EXIT 26 RAMP 5 FR MD 45A (WEST RD) TO IS 695 EB
RAMP 5 FR MD 695 SB TO MD 150 EB,RAMP TO EB,EXIT 38 RAMP 5 FR MD 695 SB TO MD 150 EB
RAMP 5 FR MD 695 SB TO MD 151 EB,RAMP TO EB,EXIT 42 RAMP 5 FR MD 695 SB TO MD 151 EB
RAMP 5 FR MD 695 SB TO MD 151 EB,RAMP TO EB,EXIT 40 RAMP 5 FR MD 695 SB TO MD 151 EB
RAMP 5 FR MD 695 SB TO MD 151 EB,RAMP TO EB,CALCULATED LOCATION
RAMP 5 FR MD 695 SB TO US 40 EB,RAMP TO EB,EXIT 35 RAMP 5 FR MD 695 SB TO US 40 EB
RAMP 5 FR MD 700 SB TO MD 150 EB,RAMP TO EB,EXIT 5 RAMP 5 FR MD 700 SB TO MD 150 EB
RAMP 5 FR MD 702 SB TO MD 150 EB,RAMP TO EB,EXIT 1 RAMP 5 FR MD 702 SB TO MD 150 EB
RAMP 5 FR PROVIDENCE RD TO RAMP 4(IS695),RAMP TO 4(IS695),EXIT 28 RAMP 5 FR PROVIDENCE RD SB TO RAMP 4 (TO IS 695 EB)
RAMP 5 FR RAMP 6 TO WASHINGTON BLVD,RAMP TO BLVD,EXIT 51 RAMP 5 FR RAMP 6 (FR IS 95 NB)TO WASHINGTON BLVD
RAMP 5 FR RAMP 8 (FR IS 83) TO MD 137,RAMP TO 137,EXIT 27 RAMP 5 FR RAMP 8 (FR IS 83 SB) TO MD 137 EB
RAMP 5 FR RAMP 8 (FR IS 95 SB) TO MD 150,RAMP TO 150,EXIT 59 RAMP 5 FR RAMP 8 (FR IS 95 SB) TO MD 150 EB
RAMP 5 FR RAMP 8 (FR IS 95) TO IS 195 EB,RAMP TO EB,EXIT 47 RAMP 5 FR RAMP 8 (FR IS 95 SB) TO IS 195 EB
RAMP 5 FR RAMP 8 (FR IS 95) TO IS 195 EB,RAMP TO EB,CALCULATED LOCATION
RAMP 5 FR RAMP 8 (FR IS695 SB) TO RAMP 4,RAMP TO 4,EXIT 91 RAMP 5 FR RAMP 8 (FR IS 695 SB) TO RAMP 4 (TO IS 70 EB)
RAMP 5 FR RAMP 8 (FR IS695) TO MD 122 EB,RAMP TO EB,EXIT 17 RAMP 5 FR RAMP 8 (FR IS 695 SB) TO MD 122 EB
RAMP 5 FR RAMP 8 (FR IS83) TO 28TH ST,RAMP TO ST,EXIT 7 RAMP 5 FR RAMP 8 (FR IS 83 SB) TO 28TH ST
RAMP 5 FR RAMP 8 (FR IS83) TO 28TH ST,RAMP TO ST,CALCULATED LOCATION
RAMP 5 FR RAMP 8 (FR IS83) TO BELFAST RD,RAMP TO RD,EXIT 24 RAMP 5 FR RAMP 8 (FR IS 83 SB) TO BELFAST RD EB
RAMP 5 FR RAMP 8 (FR IS83) TO PADONIA RD,RAMP TO RD,EXIT 17 RAMP 5 FR RAMP 8 (FR IS 83 SB) TO PADONIA RD EB
RAMP 5 FR RAMP 8 (FR MD 695) TO COVE RD,RAMP TO RD,EXIT 41 RAMP 5 FR MD 695 SB TO COVE RD EB
RAMP 5 FR RAMP 8 (FR MD 695) TO MD 7 EB,RAMP TO EB,EXIT 34 RAMP 5 FR RAMP 8 (FR MD 695 SB) TO MD 7 EB
RAMP 5 FR RAMP 8 (IS 95 SB) TO MD 43 EB,RAMP TO EB,EXIT 67 RAMP 5 FR RAMP 8 (IS 95 SB) TO MD 43 WB (TO HONEYGO BLVD SB)
RAMP 5 FR RAMP 8 (IS 95 SB) TO MD 43 EB,RAMP TO EB,CALCULATED LOCATION
RAMP 5 FR RAMP 8 TO NORTHERN PKWY EB,RAMP TO EB,EXIT 10 RAMP 5 FR RAMP 8 (FR IS 83 SB) TO NORTHERN PKWY EB
RAMP 5 FR RAMP 8 TO TIMONIUM RD,RAMP TO RD,EXIT 16 RAMP 5 FR RAMP 8 (FR IS 83 SB) TO TIMONIUM RD EB
RAMP 5 FR RAMP 8(FR IS895) TO MORAVIA RD,RAMP TO RD,EXIT 14 RAMP 5 FR RAMP 8 (FR IS 895) TO MORAVIA RD
RAMP 5 FR RAMP 9 (FR IS795) TO MD 940 EB,RAMP TO EB,EXIT 4 RAMP 5 FR RAMP 9 (FR IS 795 SB) TO OWINGS MILLS BLVD EB
RAMP 5 FR RAMP 9 (FR MD695) TO MD 157 SB,RAMP TO SB,EXIT 43 RAMP 5 FR RAMP 9 (FR MD 695) TO MD 157 SB
RAMP 5 FR RP 8 (FR IS695 SB) TO MD 26 EB,RAMP TO EB,EXIT 18 RAMP 5 FR RAMP 8 (FR IS695 SB) TO MD 26 EB
RAMP 5 FR RP 8 (FR IS95 SB) TO IS 695 EB,RAMP TO EB,EXIT 64 RAMP 5 FR RP 8 (FR IS95 SB) TO IS 695 EB
RAMP 5 FR RP 8 (FR IS95 SB) TO MD 695 EB,RAMP TO EB,CALCULATED LOCATION
RAMP 5 FR UMBC BLVD SB TO MD 166 EB,RAMP TO EB,EXIT 1 RAMP 5 FR UMBC BLVD SB TO MD 166 EB
RAMP 5 FR US 1 SB TO IS 695 EB,RAMP TO EB,EXIT 32 RAMP 5 FR US 1 SB TO IS 695 EB (NE)
RAMP 5 FR US 1 SB TO MD 43 EB,RAMP TO EB,EXIT 1 RAMP 5 FR US 1 SB TO MD 43 EB
RAMP 5 FR US 1 SB TO MD 43 EB,RAMP TO EB,CALCULATED LOCATION
RAMP 5 FR US 1AL SB TO RAMP 10 (TO IS95),RAMP TO IS95),EXIT 50 RAMP 5 FR US 1AL SB TO RAMP 10 (TO IS 95)
RAMP 5 FR US 1AL SB TO RAMP 4 (TO IS695),RAMP TO IS695),EXIT 10 Ramp 5 from US 1AL SB to Ramp 4 (to IS 695 EB)
RAMP 6 FR BELFAST RD TO RAMP 7 (TO IS83),RAMP TO IS83),EXIT 24 RAMP 6 FR BELFAST RD EB to RAMP 7 (TO IS 83 SB)
RAMP 6 FR CHILDS ST TO IS 895 SB,RAMP TO SB,EXIT 9 RAMP 6 FR CHILDS ST TO IS 895 SB
RAMP 6 FR COLD SPRING LA EB TO IS 83 SB,RAMP TO SB,EXIT 9 RAMP 6 FR COLD SPRING LA EB TO IS 83 SB
RAMP 6 FR COVE RD EB TO MD 695 SB,RAMP TO SB,EXIT 41 RAMP 6 FR COVE RD EB TO MD 695 SB
RAMP 6 FR COVE RD EB TO MD 695 SB,RAMP TO SB,CALCULATED LOCATION
RAMP 6 FR CROMWELL BRDG RD TO IS 695 SB,RAMP TO SB,EXIT 29A RAMP 6 FR CROMWELL BRIDGE RD TO IS 695 SB
RAMP 6 FR FRANKLIN BLVD TO IS 795 SB,RAMP TO SB,EXIT 7 RAMP 6 FR FRANKLIN BLVD EB TO IS 795 SB
RAMP 6 FR FRANKLIN BLVD TO IS 795 SB,RAMP TO SB,CALCULATED LOCATION
RAMP 6 FR HOLLINS FERRY RD TO IS 695 SB,RAMP TO SB,EXIT 9 RAMP 6 FR HOLLINS FERRY RD TO IS 695 SB
RAMP 6 FR INTERSTATE AVE TO RAMP 7,RAMP TO 7,EXIT 57 RAMP 6 FR INTERSTATE AVE TO RAMP 7 (TO IS 95 SB)
RAMP 6 FR IS 195 EB TO IS 95 SB,RAMP TO SB,EXIT 47 RAMP 6 FR IS 195 EB TO IS 95 SB
RAMP 6 FR IS 695 EB TO IS 95 SB,RAMP TO SB,EXIT 64 RAMP 6 FR IS 695 EB TO IS 95 SB
RAMP 6 FR IS 695 EB TO IS 95 SB,RAMP TO SB,EXIT 49 RAMP 6 FR IS 695 EB TO IS 95 SB (South of Ramp 9)
RAMP 6 FR IS 695 EB TO IS 95 SB,RAMP TO SB,CALCULATED LOCATION
RAMP 6 FR IS 695 EB TO IS 95 SB,RAMP TO SB,CALCULATED LOCATION
RAMP 6 FR IS 695 EB TO IS 95 SB,RAMP TO SB,CALCULATED LOCATION
RAMP 6 FR IS 695 EB TO MD 129 SB,RAMP TO SB,EXIT 21 RAMP 6 FR IS 695 EB TO MD 129 SB
RAMP 6 FR IS 695 EB TO MD 129 SB,RAMP TO SB,CALCULATED LOCATION
RAMP 6 FR IS 695 EB TO MD 140 SB,RAMP TO SB,EXIT 20 RAMP 6 FR IS 695 EB TO MD 140 SB
RAMP 6 FR IS 695 EB TO MD 140 SB,RAMP TO SB,CALCULATED LOCATION
RAMP 6 FR IS 695 EB TO MD 146 SB,RAMP TO SB,EXIT 27 RAMP 6 FR IS 695 EB TO MD 146 SB
RAMP 6 FR IS 695 EB TO MD 147 SB,RAMP TO SB,EXIT 31 RAMP 6 FR IS 695 EB TO MD 147 SB
RAMP 6 FR IS 695 EB TO MD 41 SB,RAMP TO SB,EXIT 30 RAMP 6 FR IS 695 EB TO MD 41 SB
RAMP 6 FR IS 695 EB TO MD 45A,RAMP TO 45A,EXIT 26 RAMP 6 FR IS 695 EB TO MD 45A (WEST RD)
RAMP 6 FR IS 695 EB TO US 1 SB,RAMP TO SB,EXIT 32 RAMP 6 FR IS 695 EB TO US 1 SB (NE)
RAMP 6 FR IS 695 EB TO US 1 SB,RAMP TO SB,EXIT 12A Ramp 6 from IS 695 EB to US 1 SB
RAMP 6 FR IS 695 EB TO US 1 SB,RAMP TO SB,CALCULATED LOCATION
RAMP 6 FR IS 695 TO RAMP 7 (TO IS 83 SB),RAMP TO SB),EXIT 13 RAMP 6 FR IS 695 EB TO RAMP 7 (TO IS 83 SB)
RAMP 6 FR IS 70 EB TO IS 695 SB,RAMP TO SB,EXIT 91 RAMP 6 FR IS 70 EB TO IS 695 SB
RAMP 6 FR IS 70 EB TO IS 695 SB,RAMP TO SB,CALCULATED LOCATION
RAMP 6 FR IS 70 EB TO IS 695 SB,RAMP TO SB,CALCULATED LOCATION
RAMP 6 FR IS 795 EB TO IS 695 SB,RAMP TO SB,EXIT 19 RAMP 6 FR IS 795 SB TO IS 695 WB
RAMP 6 FR IS 83 EB TO MD 45 SB,RAMP TO SB,EXIT 33 RAMP 6 FR IS 83 EB TO MD 45
RAMP 6 FR IS 83 SB TO E PLEASANT ST,RAMP TO ST,EXIT 2 RAMP 6 FR IS 83 SB TO E PLEASANT ST
RAMP 6 FR IS 95 EB TO MCCOMAS ST,RAMP TO ST,EXIT 55 RAMP 6 FR IS 95 NB TO MCCOMAS ST
RAMP 6 FR IS 95 EB TO MD 2 SB,RAMP TO SB,EXIT 54 RAMP 6 FR IS 95 NB TO MD 2 SB
RAMP 6 FR IS 95 NB TO WASHINGTON BLVD,RAMP TO BLVD,EXIT 51 RAMP 6 FR IS 95 NB TO WASHINGTON BLVD
RAMP 6 FR MD 122 EB TO IS 695 SB,RAMP TO SB,EXIT 17 RAMP 6 FR MD 122 EB TO IS 695 SB
RAMP 6 FR MD 122 EB TO IS 695 SB,RAMP TO SB,CALCULATED LOCATION
RAMP 6 FR MD 137 EB TO IS 83 SB,RAMP TO SB,EXIT 27 RAMP 6 FR MD 137 EB TO IS 83 SB
RAMP 6 FR MD 137 EB TO IS 83 SB,RAMP TO SB,CALCULATED LOCATION
RAMP 6 FR MD 140 EB TO IS 795 SB,RAMP TO SB,EXIT 9 RAMP 6 FR MD 140 EB TO IS 795 SB
RAMP 6 FR MD 140 EB TO RAMP 7,RAMP TO 7,EXIT 5 RAMP 6 FR MD 140 EB TO RAMP 7 (TO MD 940 SB)
RAMP 6 FR MD 144 TO IS 695 SB,RAMP TO SB,EXIT 13 RAMP 6 FR MD 144 TO IS 695 SB
RAMP 6 FR MD 150 EB TO IS 895 SB,RAMP TO SB,EXIT 12 RAMP 6 FR PONCA ST TO IS 895 SB (EAST OF RAMP 4)
RAMP 6 FR MD 150 EB TO IS 895 SB,RAMP TO SB,EXIT 12 RAMP 6 FR PONCA ST TO IS 895 SB (EAST OF RAMP 4)
RAMP 6 FR MD 151 EB TO MD 150 SB,RAMP TO SB,EXIT 1 RAMP 6 FR MD 151 EB TO MD 150 SB
RAMP 6 FR MD 151 EB TO MD 695 SB,RAMP TO SB,EXIT 40 RAMP 6 FR MD 151 EB TO MD 695 SB
RAMP 6 FR MD 157 SB TO RAMP 9 (TO MD695),RAMP TO MD695),EXIT 43 RAMP 6 FR MD 157 SB TO RAMP 9 (TO MD 695)
RAMP 6 FR MD 25 EB TO IS 83 SB,RAMP TO SB,EXIT 8 RAMP 6 FR MD 25 EB TO IS 83 SB
RAMP 6 FR MD 26 EB TO IS 695 SB,RAMP TO SB,EXIT 18 RAMP 6 FR MD 26 EB TO IS 695 SB
RAMP 6 FR MD 372 EB TO IS 695 EB,RAMP TO EB,EXIT 12B RAMP 6 FR MD 372 EB TO IS 695 SB
RAMP 6 FR MD 372 EB TO IS 695 EB,RAMP TO EB,CALCULATED LOCATION
RAMP 6 FR MD 43 EB TO IS 95 SB,RAMP TO SB,EXIT 67 RAMP 6 FR MD 43 EB TO IS 95 SB
RAMP 6 FR MD 43 EB TO IS 95 SB,RAMP TO SB,CALCULATED LOCATION
RAMP 6 FR MD 43 EB TO US 1 SB,RAMP TO SB,EXIT 1 RAMP 6 FR MD 43 EB TO US 1 SB
RAMP 6 FR MD 43 EB TO US 1 SB,RAMP TO SB,CALCULATED LOCATION
RAMP 6 FR MD 439 EB TO IS 83 SB,RAMP TO SB,EXIT 36 RAMP 6 FR MD 439 EB TO IS 83 SB
RAMP 6 FR MD 439 EB TO IS 83 SB,RAMP TO SB,CALCULATED LOCATION
RAMP 6 FR MD 648E TO MD 295 SB,RAMP TO SB,EXIT 2 RAMP 6 FR MANOKIN ST TO MD 295 SB
RAMP 6 FR MD 648E TO MD 295 SB,RAMP TO SB,EXIT 1 RAMP 6 FR MD 648E TO MD 295 SB
RAMP 6 FR MD 695 EB TO MD 157 SB,RAMP TO SB,EXIT 39 RAMP 6 FR MD 695 SB TO MERRITT BLVD WB
RAMP 6 FR MD 695 EB TO MD 157 SB,RAMP TO SB,CALCULATED LOCATION
RAMP 6 FR MD 695 EB TO MD 157 SB,RAMP TO SB,CALCULATED LOCATION
RAMP 6 FR MD 695 EB TO QUARANTINE RD SB,RAMP TO SB,EXIT 1 RAMP 6 FR MD 695 EB TO QUARANTINE RD SB (EAST OF RAMP 3)
RAMP 6 FR MD 695A EB TO MD 695 SB,RAMP TO SB,EXIT 44 RAMP 6 FR MD 695A EB TO MD 695 SB
RAMP 6 FR MD 7 EB TO MD 695 SB,RAMP TO SB,EXIT 34 RAMP 6 FR MD 7 EB TO RAMP 6 (TO MD 695 SB)
RAMP 6 FR MD 7 EB TO MD 695 SB,RAMP TO SB,CALCULATED LOCATION
RAMP 6 FR MD 940 EB TO RAMP 7 (TO IS795),RAMP TO IS795),EXIT 4 RAMP 6 FR OWINGS MILLS BLVD EB TO RAMP 7 (TO IS 795 SB)
RAMP 6 FR MD 940 EB TO RAMP 7 (TO IS795),RAMP TO IS795),CALCULATED LOCATION
RAMP 6 FR MD151 EB TO RAMP 6(TO MD157),RAMP TO MD157),EXIT 6 RAMP 6 FR MD 151 EB TO RAMP 6 (TO MD 157)
RAMP 6 FR MIDDLETOWN RD EB TO IS 83 SB,RAMP TO SB,EXIT 31 RAMP 6 FR MIDDLETOWN RD EB TO IS 83 SB
RAMP 6 FR MIDDLETOWN RD EB TO IS 83 SB,RAMP TO SB,CALCULATED LOCATION
RAMP 6 FR ML KING BLVD TO MD 295 SB,RAMP TO SB,EXIT 31 RAMP 6 FR ML KING BLVD TO MD 295 SB
RAMP 6 FR MORAVIA RD TO IS 895 SB,RAMP TO SB,EXIT 14 RAMP 6 FR MORAVIA RD TO IS 895 SB
RAMP 6 FR NORTHERN PKWY EB TO IS 83 SB,RAMP TO SB,EXIT 10 RAMP 6 FR NORTHERN PKWY EB TO IS 83 SB
RAMP 6 FR ODONNELL ST TO IS 895 SB,RAMP TO SB,EXIT 11A RAMP 6 FR O'DONNELL ST EB TO IS 895 SB
RAMP 6 FR PADONIA RD EB TO IS 83 SB,RAMP TO SB,EXIT 17 RAMP 6 FR PADONIA RD EB TO IS 83 SB
RAMP 6 FR PARALLEL DR TO RAMP 8,RAMP TO 8,EXIT 93 RAMP 6 FR PARALLEL DR TO RAMP 8 (TO IS 70 WB)
RAMP 6 FR RAMP 10 (FR IS95) TO US 1AL SB,RAMP TO SB,EXIT 50 RAMP 6 FR RAMP 10 (FR IS 95) TO US 1AL SB
RAMP 6 FR RAMP 3 (FR MD 43) TO MD 7J SB,RAMP TO SB,EXIT 4 RAMP 6 FR RAMP 3 (FR MD 43 EB) TO MD 7J SB
RAMP 6 FR RAMP 3 TO GREENSPRING AVE,RAMP TO AVE,EXIT 22 RAMP 6 FR RAMP 3 (FR IS 695 EB) TO GREENSPRING AVE
RAMP 6 FR RAMP 3(IS695) TO PROVIDENCE RD,RAMP TO RD,EXIT 28 RAMP 6 FR RAMP 3 (FR IS 695 EB) TO PROVIDENCE RD SB
RAMP 6 FR RAMP 5 (FR MD151) TO IS 895 SB,RAMP TO SB,EXIT 13 RAMP 6 FR RAMP 5 (FR ERDMAN AVE) TO IS 895 SB
RAMP 6 FR RP 3 (IS 695 EB) TO MD 139 SB,RAMP TO SB,EXIT 25 RAMP 6 FR RAMP 3 (FR IS 695 EB) TO MD 139 SB (EAST OF RAMP 3)
RAMP 6 FR RUXTON RD EB TO IS 83 SB,RAMP TO SB,EXIT 12 RAMP 6 FR RUXTON RD EB TO IS 83 SB
RAMP 6 FR RUXTON RD EB TO IS 83 SB,RAMP TO SB,CALCULATED LOCATION
RAMP 6 FR SHAWAN RD EB TO IS 83 SB,RAMP TO SB,EXIT 20 RAMP 6 FR SHAWAN RD EB TO IS 83 SB
RAMP 6 FR SHAWAN RD EB TO IS 83 SB,RAMP TO SB,CALCULATED LOCATION
RAMP 6 FR TIMONIUM RD EB TO IS 83 SB,RAMP TO SB,EXIT 16 RAMP 6 FR TIMONIUM RD EB TO IS 83 SB
RAMP 6 FR US 1 EB TO RAMP 7 (TO IS 195),RAMP TO 195),EXIT 3 RAMP 6 FR US 1 EB TO RAMP 7 (TO IS 195 SB)
RAMP 6 FR US 40 EB TO IS 695 SB,RAMP TO SB,EXIT 15 RAMP 6 FR US 40 EB TO IS 695 SB (West of Ramp 7)
RAMP 6 FR US 40 EB TO IS 695 SB,RAMP TO SB,CALCULATED LOCATION
RAMP 6 FR US 40 EB TO MD 151 SB,RAMP TO SB,EXIT 8 RAMP 6 FR US 40 EB TO MD 151 SB
RAMP 6 FR US 40 EB TO MD 151 SB,RAMP TO SB,CALCULATED LOCATION
RAMP 6 FR US 40 EB TO MD 151 SB,RAMP TO SB,CALCULATED LOCATION
RAMP 6 FR US 40 EB TO MD 695 SB,RAMP TO SB,EXIT 35 RAMP 6 FR US 40 EB TO MD 695 SB
RAMP 6 FR US 40 EB TO MD 700 SB,RAMP TO SB,EXIT 18 RAMP 6 FR US 40 EB TO MD 700 SB
RAMP 6 FR US 40 EB TO MD 700 SB,RAMP TO SB,CALCULATED LOCATION
RAMP 6 FR US 40 EB TO MULBERRY ST,RAMP TO ST,EXIT 4 RAMP 6 FR US 40 EB TO MULBERRY ST
RAMP 6 FR US 40 EB TO RAMP 9 (TO MD 43),RAMP TO 43),EXIT 20 RAMP 6 FR US 40 EB TO RAMP 9 (TO MD 43)
RAMP 7 FR 29TH ST TO IS 83 SB,RAMP TO SB,EXIT 7 RAMP 7 FR 29TH ST TO IS 83 SB
RAMP 7 FR BELFAST RD WB TO IS 83 SB,RAMP TO SB,EXIT 24 RAMP 7 FR BELFAST RD WB TO IS 83 SB
RAMP 7 FR BELFAST RD WB TO IS 83 SB,RAMP TO SB,CALCULATED LOCATION
RAMP 7 FR COLD SPRING LA WB TO IS 83 SB,RAMP TO SB,EXIT 9 RAMP 7 FR COLD SPRING LA WB TO IS 83 SB
RAMP 7 FR COVE RD TO RAMP 6 (TO MD 695),RAMP TO 695),EXIT 41 RAMP 7 FR COVE RD WB TO RAMP 6 (TO MD 695 SB)
RAMP 7 FR EAGER ST TO IS 83 SB,RAMP TO SB,EXIT 3 RAMP 7 FR EAGER ST TO IS 83 SB
RAMP 7 FR EDMONDSON AVE TO IS 695 SB,RAMP TO SB,EXIT 14 RAMP 7 FR EDMONDSON AVE WB TO IS 695 SB
RAMP 7 FR FRANKLIN BLVD TO IS 795 WB,RAMP TO WB,EXIT 7 RAMP 7 FR FRANKLIN BLVD WB TO IS 795 SB
RAMP 7 FR GOLDEN RING RD TO MD 695 SB,RAMP TO SB,EXIT 35 RAMP 7 FR GOLDEN RING RD NB TO MD 695 SB
RAMP 7 FR GOLDEN RING RD TO MD 695 SB,RAMP TO SB,CALCULATED LOCATION
RAMP 7 FR INTERSTATE AVE TO IS 95 SB,RAMP TO SB,EXIT 57 RAMP 7 FR INTERSTATE AVE TO IS 95 SB
RAMP 7 FR IS 195 WB TO IS 95 SB,RAMP TO SB,EXIT 47 RAMP 7 FR IS 195 WB TO IS 95 SB
RAMP 7 FR IS 695 WB TO CROMWELL BRDG RD,RAMP TO RD,EXIT 29A RAMP 7 FR IS 695 WB TO MD 542/CROMWELL BRIDGE RD
RAMP 7 FR IS 695 WB TO GREENSPRING AVE,RAMP TO AVE,EXIT 22 RAMP 7 FR IS 695 WB TO GREENSPRING AVE
RAMP 7 FR IS 695 WB TO GREENSPRING AVE,RAMP TO AVE,CALCULATED LOCATION
RAMP 7 FR IS 695 WB TO IS 95 SB,RAMP TO SB,EXIT 49 RAMP 7 FR IS 695 WB TO IS 95 SB
RAMP 7 FR IS 695 WB TO MD 146 SB,RAMP TO SB,EXIT 27 RAMP 7 FR IS 695 WB TO MD 146 SB
RAMP 7 FR IS 695 WB TO MD 147 SB,RAMP TO SB,EXIT 31 RAMP 7 FR IS 695 WB TO MD 147 SB
RAMP 7 FR IS 695 WB TO MD 41 SB,RAMP TO SB,EXIT 30 RAMP 7 FR IS 695 WB TO MD 41 SB
RAMP 7 FR IS 695 WB TO PROVIDENCE RD SB,RAMP TO SB,EXIT 28 RAMP 7 FR IS 695 WB TO PROVIDENCE RD SB
RAMP 7 FR IS 695 WB TO PROVIDENCE RD SB,RAMP TO SB,CALCULATED LOCATION
RAMP 7 FR IS 695 WB TO US 1 SB,RAMP TO SB,EXIT 32 RAMP 7 FR IS 695 WB TO US 1 SB (NE)
RAMP 7 FR IS 83/IS 695 WB TO IS 83 SB,RAMP TO SB,EXIT 13 RAMP 7 FR IS 83 WB TO IS 83/IS 695 SB
RAMP 7 FR IS 83/IS 695 WB TO IS 83 SB,RAMP TO SB,CALCULATED LOCATION
RAMP 7 FR IS 83/IS 695 WB TO IS 83 SB,RAMP TO SB,CALCULATED LOCATION
RAMP 7 FR IS 895 WB TO MD 295 SB,RAMP TO SB,EXIT 4 RAMP 7 FR IS 895 WB TO MD 295 SB
RAMP 7 FR IS 895 WB TO US 1 SB,RAMP TO SB,EXIT 1 RAMP 7 FR IS 895 WB TO US 1 SB
RAMP 7 FR IS 95 WB TO MCCOMAS ST,RAMP TO ST,EXIT 55 RAMP 7 FR IS 95 SB TO MCCOMAS ST
RAMP 7 FR IS 95 WB TO RAMP 6 (TO MD295),RAMP TO MD295),EXIT 52 RAMP 7 FR IS 95 SB TO RAMP 6 (TO MD 295 SB)
RAMP 7 FR IS 95 WB TO US 1 AL SB,RAMP TO SB,EXIT 50 RAMP 7 FR RAMP 11 (FR IS 95) TO US 1AL SB
RAMP 7 FR IS 95 WB TO US 1 AL SB,RAMP TO SB,EXIT 50 RAMP 7 FR IS 95 WB TO US 1AL SB (South of Ramp 2)
RAMP 7 FR KANE ST TO IS 95 SB,RAMP TO SB,EXIT 58 RAMP 7 FR KANE ST TO IS 95 SB
RAMP 7 FR KANE ST TO IS 95 SB,RAMP TO SB,CALCULATED LOCATION
RAMP 7 FR KANE ST TO IS 95 SB,RAMP TO SB,CALCULATED LOCATION
RAMP 7 FR MD 122 WB TO RAMP 6 (TO IS695),RAMP TO IS695),EXIT 17 RAMP 7 FR MD 122 WB TO RAMP 6 (TO IS 695 SB)
RAMP 7 FR MD 137 TO RAMP 6 (TO IS 83),RAMP TO 83),EXIT 27 RAMP 7 FR MD 137 WB TO RAMP 6 (TO IS 83 SB)
RAMP 7 FR MD 140 WB TO MD 940 SB,RAMP TO SB,EXIT 5 RAMP 7 FR MD 140 WB TO MD 940 SB (Between MD 140 & Ramp 6)
RAMP 7 FR MD 140 WB TO MD 940 SB,RAMP TO SB,CALCULATED LOCATION
RAMP 7 FR MD 140 WB TO MD 940 SB,RAMP TO SB,CALCULATED LOCATION
RAMP 7 FR MD 150 WB TO IS 95 SB,RAMP TO SB,EXIT 59 RAMP 7 FR MD 150 WB TO IS 95 SB
RAMP 7 FR MD 150 WB TO MD 695 SB,RAMP TO SB,EXIT 38 RAMP 7 FR MD 150 WB TO MD 695 SB
RAMP 7 FR MD 151 WB TO MD 150 SB,RAMP TO SB,EXIT 1 RAMP 7 FR MD 151 WB TO MD 150 SB
RAMP 7 FR MD 151B NB TO MD 151B SB,RAMP TO SB,EXIT 1 RAMP 7 FR MD 151 WB TO MD 151B SB
RAMP 7 FR MD 157 NB TO RAMP 9 (TO MD695),RAMP TO MD695),EXIT 43 RAMP 7 FR MD 157 NB TO RAMP 9 (TO MD 695)
RAMP 7 FR MD 166 WB TO MD 166 SB,RAMP TO SB,EXIT 1 RAMP 7 FR MD 166 WB TO MD 166 SB
RAMP 7 FR MD 26 WB TO IS 695 SB,RAMP TO SB,EXIT 18 RAMP 7 FR MD 26 WB TO IS 695 SB
RAMP 7 FR MD 372 WB TO RAMP 6 (TO IS695),RAMP TO IS695),EXIT 12B RAMP 7 FR MD 372 WB TO RAMP 6 (TO IS 695 SB)
RAMP 7 FR MD 43 WB TO IS 95 SB,RAMP TO SB,EXIT 67 RAMP 7 FR MD 43 WB TO IS 95 SB (old alignment)
RAMP 7 FR MD 43 WB TO RAMP 6 (TO US 1),RAMP TO 1),EXIT 1 RAMP 7 FR MD 43 WB TO RAMP 6 (TO US 1 SB)
RAMP 7 FR MD 439 WB TO RAMP 6 (TO IS 83),RAMP TO 83),EXIT 36 RAMP 7 FR MD 439 WB TO RAMP 6 (TO IS 83 SB)
RAMP 7 FR MD 7 WB TO RAMP 6 (TO MD 695),RAMP TO 695),EXIT 34 RAMP 7 FR MD 7 WB TO RAMP 6 (TO MD 695 SB)
RAMP 7 FR MD 702 WB TO MD 695 SB,RAMP TO SB,EXIT 36 RAMP 7 FR MD 702 WB TO MD 695 SB
RAMP 7 FR MD 940 WB TO IS 795 SB,RAMP TO SB,EXIT 4 RAMP 7 FR OWINGS MILLS BLVD WB TO IS 795 SB
RAMP 7 FR MD 940 WB TO IS 795 SB,RAMP TO SB,CALCULATED LOCATION
RAMP 7 FR MD 940 WB TO IS 795 SB,RAMP TO SB,CALCULATED LOCATION
RAMP 7 FR MD 943 WB TO IS 83 SB,RAMP TO SB,EXIT 18 RAMP 7 FR MD 943 WB TO IS 83 SB
RAMP 7 FR MIDDLETOWN RD TO RAMP 6,RAMP TO 6,EXIT 31 RAMP 7 FR MIDDLETOWN RD WB TO RAMP 6 (TO IS 83 SB)
RAMP 7 FR MORAVIA RD TO IS 895 SB,RAMP TO SB,EXIT 14 RAMP 7 FR MORAVIA RD TO IS 895 SB
RAMP 7 FR MORAVIA RD TO IS 895 SB,RAMP TO SB,EXIT 14 RAMP 7 FR MORAVIA RD TO IS 895 SB
RAMP 7 FR ODONNELL ST TO IS 895 SB,RAMP TO SB,EXIT 11B RAMP 7 FR O'DONNELL ST WB TO IS 895 SB
RAMP 7 FR PADONIA RD WB TO IS 83 SB,RAMP TO SB,EXIT 17 RAMP 7 FR PADONIA RD WB TO IS 83 SB
RAMP 7 FR RAMP 1 TO RP 6 (TO MD 695 SB),RAMP TO SB),EXIT 44 RAMP 7 FR RAMP 1 TO RAMP 6 (TO MD 695 SB)
RAMP 7 FR RAMP 2 (FR IS695) TO MD 140 SB,RAMP TO SB,EXIT 20 RAMP 7 FR RAMP 2 (FR IS 695 WB) TO MD 140 SB
RAMP 7 FR RAMP 2 TO RAMP 6 (TO IS695 SB),RAMP TO SB),EXIT 91 RAMP 7 FR RAMP 2 (FR IS 70 WB) TO RAMP 6 (TO IS 695 SB)
RAMP 7 FR RAMP 2 TO STEVENSON RD,RAMP TO RD,EXIT 21 RAMP 7 FR RAMP 2 (FR IS 695 WB ) TO STEVENSON RD SB
RAMP 7 FR RAMP 3 TO IS 83 SB,RAMP TO SB,EXIT 10 RAMP 7 FR RAMP 3 (FR NORTHERN PKWY EB) TO IS 83 SB
RAMP 7 FR RAMP 9 (FR US 40) TO MD 43 EB,RAMP TO EB,EXIT 20 RAMP 7 FR RAMP 9 (FR US 40) TO MD 43 EB
RAMP 7 FR RP 2 (FR IS695 WB) TO IS 95 SB,RAMP TO SB,EXIT 64 RAMP 7 FR RAMP 2 (FR IS 695 WB) TO IS 95 SB
RAMP 7 FR RUXTON RD TO RAMP 6 (TO IS 83),RAMP TO 83),EXIT 12 RAMP 7 FR RUXTON RD WB TO RAMP 6 (TO IS 83 SB)
RAMP 7 FR SHAWAN RD WB TO IS 83 SB,RAMP TO SB,EXIT 20 RAMP 7 FR SHAWAN RD WB TO IS 83 SB
RAMP 7 FR TIMONIUM RD WB TO IS 83 SB,RAMP TO SB,EXIT 16 RAMP 7 FR TIMONIUM RD WB TO IS 83 SB
RAMP 7 FR US 1 WB TO IS 195 SB,RAMP TO SB,EXIT 3 RAMP 7 FR US 1 WB TO IS 195 SB
RAMP 7 FR US 1 WB TO IS 195 SB,RAMP TO SB,CALCULATED LOCATION
RAMP 7 FR US 1 WB TO IS 195 SB,RAMP TO SB,CALCULATED LOCATION
RAMP 7 FR US 1 WB TO IS 83 SB,RAMP TO SB,EXIT 6 RAMP 7 FR US 1 WB TO IS 83 SB
RAMP 7 FR US 40 WB TO HILTON PKWY,RAMP TO PKWY,EXIT 2 RAMP 7 FR US 40 WB TO HILTON PKWY SB
RAMP 7 FR US 40 WB TO IS 95 SB,RAMP TO SB,EXIT 61 RAMP 7 FR US 40 WB TO IS 95 SB
RAMP 7 FR US 40 WB TO MD 151 SB,RAMP TO SB,EXIT 8 RAMP 7 FR US 40 WB TO MD 151 SB
RAMP 7 FR US 40 WB TO RAMP 6 (TO IS695),RAMP TO IS695),EXIT 15 RAMP 7 FR US 40 WB TO RAMP 6 (TO IS 695 SB)
RAMP 7 FR US 40 WB TO RAMP 6 (TO MD 700),RAMP TO 700),EXIT 18 RAMP 7 FR US 40 WB TO RAMP 6 (TO MD 700 SB)
RAMP 8 FR FRANKLIN ST TO US 40 WB,RAMP TO WB,EXIT 4 RAMP 8 FR FRANKLIN ST TO US 40 WB
RAMP 8 FR GREENSPRING AVE TO IS 695 WB,RAMP TO WB,EXIT 22 RAMP 8 FR GREENSPRING AVE TO IS 695 WB
RAMP 8 FR HILTON PKWY TO HILTON ST,RAMP TO ST,EXIT 2 RAMP 8 FR HILTON PKWY SB TO HILTON ST WB
RAMP 8 FR INGLESIDE AVE TO IS 70 WB,RAMP TO WB,EXIT 93 RAMP 8 FR INGLESIDE AVE TO IS 70 WB
RAMP 8 FR INGLESIDE AVE TO IS 70 WB,RAMP TO WB,CALCULATED LOCATION
RAMP 8 FR INGLESIDE AVE TO IS 70 WB,RAMP TO WB,CALCULATED LOCATION
RAMP 8 FR IS 195 SB TO US 1 WB,RAMP TO WB,EXIT 3 RAMP 8 FR IS 195 SB TO US 1 WB
RAMP 8 FR IS 695 SB TO CROMWELL BRDG RD,RAMP TO RD,EXIT 29A RAMP 8 FR IS 695 SB TO CROMWELL BRIDGE RD
RAMP 8 FR IS 695 SB TO EDMONDSON AVE,RAMP TO AVE,EXIT 14 RAMP 8 FR IS 695 SB TO EDMONDSON AVE WB
RAMP 8 FR IS 695 SB TO IS 70 WB,RAMP TO WB,EXIT 91 RAMP 8 FR IS 695 SB TO IS 70 WB
RAMP 8 FR IS 695 SB TO IS 70 WB,RAMP TO WB,CALCULATED LOCATION
RAMP 8 FR IS 695 SB TO IS 70 WB,RAMP TO WB,CALCULATED LOCATION
RAMP 8 FR IS 695 SB TO IS 70 WB,RAMP TO WB,CALCULATED LOCATION
RAMP 8 FR IS 695 SB TO IS 795 WB,RAMP TO WB,EXIT 19 RAMP 8 FR IS 695 WB TO IS 795 NB
RAMP 8 FR IS 695 SB TO MD 122 WB,RAMP TO WB,EXIT 17 RAMP 8 FR IS 695 SB TO MD 122 WB
RAMP 8 FR IS 695 SB TO MD 122 WB,RAMP TO WB,CALCULATED LOCATION
RAMP 8 FR IS 695 SB TO MD 144,RAMP TO 144,EXIT 13 RAMP 8 FR IS 695 SB TO MD 144
RAMP 8 FR IS 695 SB TO MD 26 WB,RAMP TO WB,EXIT 18 RAMP 8 FR IS 695 SB TO MD 26 WB
RAMP 8 FR IS 695 SB TO US 40 WB,RAMP TO WB,EXIT 15 RAMP 8 FR IS 695 SB TO US 40 WB
RAMP 8 FR IS 695 SB TO US 40 WB,RAMP TO WB,CALCULATED LOCATION
RAMP 8 FR IS 70 WB TO MD 122 SB,RAMP TO SB,EXIT 94 RAMP 8 FR IS 70 WB TO MD 122 SB
RAMP 8 FR IS 795 SB TO NICODEMUS RD,RAMP TO RD,EXIT 7 RAMP 8 FR IS 795 SB TO NICODEMUS RD SB (TO FRANKLIN BLVD WB)
RAMP 8 FR IS 83 SB TO BELFAST RD WB,RAMP TO WB,EXIT 24 RAMP 8 FR IS 83 SB TO BELFAST RD WB
RAMP 8 FR IS 83 SB TO BELFAST RD WB,RAMP TO WB,CALCULATED LOCATION
RAMP 8 FR IS 83 SB TO FREELAND RD WB,RAMP TO WB,EXIT 37 RAMP 8 FR IS 83 SB TO FREELAND RD WB
RAMP 8 FR IS 83 SB TO GUILFORD AVE,RAMP TO AVE,EXIT 3 RAMP 8 FR IS 83 SB TO GUILFORD AVE
RAMP 8 FR IS 83 SB TO MD 137 WB,RAMP TO WB,EXIT 27 RAMP 8 FR IS 83 SB TO MD 137 WB
RAMP 8 FR IS 83 SB TO MD 137 WB,RAMP TO WB,CALCULATED LOCATION
RAMP 8 FR IS 83 SB TO MIDDLETOWN RD,RAMP TO RD,CALCULATED LOCATION
RAMP 8 FR IS 83 SB TO MIDDLETOWN RD WB,RAMP TO WB,EXIT 31 RAMP 8 FR IS 83 SB TO MIDDLETOWN RD WB
RAMP 8 FR IS 83 SB TO MT ROYAL AVE,RAMP TO AVE,EXIT 4 RAMP 8 FR IS 83 SB TO MT ROYAL AVE
RAMP 8 FR IS 83 SB TO MT ROYAL AVE,RAMP TO AVE,CALCULATED LOCATION
RAMP 8 FR IS 83 SB TO MT ROYAL TERR,RAMP TO TERR,EXIT 6 RAMP 8 FR IS 83 SB TO MT ROYAL TERR
RAMP 8 FR IS 83 SB TO NORTHERN PKWY WB,RAMP TO WB,EXIT 10 RAMP 8 FR IS 83 SB TO NORTHERN PKWY WB
RAMP 8 FR IS 83 SB TO NORTHERN PKWY WB,RAMP TO WB,CALCULATED LOCATION
RAMP 8 FR IS 83 SB TO PADONIA RD WB,RAMP TO WB,EXIT 17 RAMP 8 FR IS 83 SB TO PADONIA RD WB
RAMP 8 FR IS 83 SB TO PADONIA RD WB,RAMP TO WB,CALCULATED LOCATION
RAMP 8 FR IS 83 SB TO RAMP 1,RAMP TO 1,EXIT 7 RAMP 8 FR IS 83 SB TO RAMP 1 (TO DRUID PARK LAKE DR)
RAMP 8 FR IS 83 SB TO RAMP 1,RAMP TO 1,CALCULATED LOCATION
RAMP 8 FR IS 83 SB TO TIMONIUM RD WB,RAMP TO WB,EXIT 16 RAMP 8 FR IS 83 SB TO TIMONIUM RD WB
RAMP 8 FR IS 83 SB TO TIMONIUM RD WB,RAMP TO WB,CALCULATED LOCATION
RAMP 8 FR IS 83 TO SB SHAWAN RD WB,RAMP TO WB,EXIT 20 RAMP 8 FR IS 83 SB TO SHAWAN RD WB
RAMP 8 FR IS 895 SB TO FRANKFURST AVE,RAMP TO AVE,EXIT 8 RAMP 8 FR IS 895 SB TO FRANKFURST AVE WB
RAMP 8 FR IS 895 SB TO MORAVIA RD,RAMP TO RD,EXIT 14 RAMP 8 FR IS 895 SB TO MORAVIA RD (NORTH OF RAMP 5)
RAMP 8 FR IS 895 SB TO MORAVIA RD,RAMP TO RD,EXIT 14 RAMP 8 FR IS 895 SB TO MORAVIA RD (NORTH OF RAMP 5)
RAMP 8 FR IS 95 SB TO IS 195 WB,RAMP TO WB,EXIT 47 RAMP 8 FR IS 95 SB TO IS 195 WB
RAMP 8 FR IS 95 SB TO IS 195 WB,RAMP TO WB,CALCULATED LOCATION
RAMP 8 FR IS 95 SB TO IS 695 WB,RAMP TO WB,EXIT 49 RAMP 8 FR IS 95 SB TO IS 695 WB
RAMP 8 FR IS 95 SB TO IS 695 WB,RAMP TO WB,EXIT 64 RAMP 8 FR IS 95 SB TO IS 695 WB
RAMP 8 FR IS 95 SB TO IS 695 WB,RAMP TO WB,CALCULATED LOCATION
RAMP 8 FR IS 95 SB TO IS 695 WB,RAMP TO WB,CALCULATED LOCATION
RAMP 8 FR IS 95 SB TO MD 150 WB,RAMP TO WB,EXIT 59 RAMP 8 FR IS 95 SB TO MD 150 WB
RAMP 8 FR IS 95 SB TO MD 43 WB,RAMP TO WB,EXIT 67 RAMP 8 FR IS 95 SB TO MD 43 WB
RAMP 8 FR IS 95 SB TO MD 43 WB,RAMP TO WB,CALCULATED LOCATION
RAMP 8 FR KANE ST TO RAMP 7 (TO IS 95),RAMP TO 95),EXIT 58 RAMP 8 FR KANE ST TO RAMP 7 (TO IS 95 SB)
RAMP 8 FR LEEDS AVE TO IS 695 WB,RAMP TO WB,EXIT 12A Ramp 8 from Leeds Ave to IS 695 WB
RAMP 8 FR MD 129 SB TO IS 695 WB,RAMP TO WB,EXIT 21 RAMP 8 FR MD 129 SB TO IS 695 WB
RAMP 8 FR MD 129 SB TO IS 695 WB,RAMP TO WB,CALCULATED LOCATION
RAMP 8 FR MD 139-B TO IS 695 WB,RAMP TO WB,EXIT 25 RAMP 8 FR MD 139 SB TO IS 695 WB
RAMP 8 FR MD 140 SB TO IS 695 WB,RAMP TO WB,EXIT 20 RAMP 8 FR MD 140 SB TO IS 695 WB
RAMP 8 FR MD 140 SB TO IS 695 WB,RAMP TO WB,CALCULATED LOCATION
RAMP 8 FR MD 146 SB TO RAMP 1 (TO IS695),RAMP TO IS695),EXIT 27 RAMP 8 FR MD 146 SB TO RAMP 1 (TO IS 695 WB)
RAMP 8 FR MD 147 SB TO IS 695 WB,RAMP TO WB,EXIT 31 RAMP 8 FR MD 147 SB TO IS 695 WB
RAMP 8 FR MD 150 SB TO MD 151 WB,RAMP TO WB,EXIT 1 RAMP 8 FR MD 150 SB TO MD 151 WB
RAMP 8 FR MD 151 SB TO US 40 WB,RAMP TO WB,EXIT 8 RAMP 8 FR MD 151 SB TO US 40 WB
RAMP 8 FR MD 151B SB TO MD 151 WB,RAMP TO WB,EXIT 1 RAMP 8 FR MD 151B SB TO MD 151 WB
RAMP 8 FR MD 25A SB TO IS 695 WB,RAMP TO WB,EXIT 13 RAMP 8 FR MD 25A SB TO IS 695 WB
RAMP 8 FR MD 295 SB TO IS 95 WB,RAMP TO WB,EXIT 52 RAMP 8 FR MD 295 SB TO IS 95 SB
RAMP 8 FR MD 295 SB TO MD 648E,RAMP TO 648E,EXIT 1 RAMP 8 FR MD 295 SB TO MD 648E
RAMP 8 FR MD 295 SB TO S MONROE ST NB,RAMP TO NB,EXIT 30 RAMP 8 FR MD 295 SB TO MONROE ST
RAMP 8 FR MD 41 SB TO IS 695 WB,RAMP TO WB,EXIT 30 RAMP 8 FR MD 41 SB TO IS 695 WB
RAMP 8 FR MD 41 SB TO NORTHERN PKWY,RAMP TO PKWY,EXIT 3 RAMP 8 FR MD 41 SB TO NORTHERN PKWY WB
RAMP 8 FR MD 43 EB TO RAMP 1 (TO US 40),RAMP TO 40),EXIT 20 RAMP 8 FR MD 43 EB TO RAMP 1 (TO US 40)
RAMP 8 FR MD 45 SB TO IS 695 WB,RAMP TO WB,EXIT 26 RAMP 8 FR MD 45 SB TO IS 695 WB
RAMP 8 FR MD 45 SB TO IS 695 WB,RAMP TO WB,CALCULATED LOCATION
RAMP 8 FR MD 45 SB TO IS 83 WB,RAMP TO WB,EXIT 33 RAMP 8 FR MD 45 SB TO IS 83 WB (North of Ramp 1)
RAMP 8 FR MD 45 SB TO IS 83 WB,RAMP TO WB,CALCULATED LOCATION
RAMP 8 FR MD 695 SB TO COVE RD WB,RAMP TO WB,EXIT 41 RAMP 8 FR MD 695 SB TO COVE RD WB
RAMP 8 FR MD 695 SB TO COVE RD WB,RAMP TO WB,CALCULATED LOCATION
RAMP 8 FR MD 695 SB TO GOLDEN RING RD,RAMP TO RD,EXIT 35 RAMP 8 FR MD 695 SB TO GOLDEN RING RD
RAMP 8 FR MD 695 SB TO MD 150 WB,RAMP TO WB,EXIT 38 RAMP 8 FR MD 695 SB TO MD 150 WB
RAMP 8 FR MD 695 SB TO MD 151 WB,RAMP TO WB,EXIT 42 RAMP 8 FR RAMP 5 (FR MD 695 SB) TO MD 151 WB
RAMP 8 FR MD 695 SB TO MD 7 WB,RAMP TO WB,EXIT 34 RAMP 8 FR MD 695 SB TO MD 7 WB
RAMP 8 FR MD 695 SB TO MD 7 WB,RAMP TO WB,CALCULATED LOCATION
RAMP 8 FR MD 7 SB TO RAMP 1 (TO MD 43),RAMP TO 43),EXIT 4 RAMP 8 FR MD 7 WB TO RAMP 1 (TO MD 43 WB)
RAMP 8 FR MD 700 SB TO MD 150 WB,RAMP TO WB,EXIT 5 RAMP 8 FR MD 700 SB TO MD 150 WB
RAMP 8 FR MD 702 SB TO MD 150 WB,RAMP TO WB,EXIT 1 RAMP 8 FR MD 702 SB TO MD 150 WB
RAMP 8 FR MD 940 SB TO RAMP 1,RAMP TO 1,EXIT 5 RAMP 8 FR MD 940 SB TO RAMP 1 (TO MD 140 WB)
RAMP 8 FR MORAVIA RD TO US 40 WB,RAMP TO WB,EXIT 9 RAMP 8 FR MORAVIA RD SB TO US 40 WB
RAMP 8 FR PROVIDENCE RD SB TO IS 695 WB,RAMP TO WB,EXIT 28 RAMP 8 FR PROVIDENCE RD SB TO IS 695 WB
RAMP 8 FR PROVIDENCE RD SB TO IS 695 WB,RAMP TO WB,CALCULATED LOCATION
RAMP 8 FR QUARANTINE RD TO MD 695 WB,RAMP TO WB,EXIT 1 RAMP 8 FR QUARANTINE RD SB TO MD 695 WB
RAMP 8 FR RAMP 5 (FR IS695) TO MD 372 EB,RAMP TO EB,EXIT 12B RAMP 8 FR RAMP 5 (FR IS 695 SB) TO MD 372 EB
RAMP 8 FR RAMP 5 (FR US 1) TO MD 43 WB,RAMP TO WB,EXIT 1 RAMP 8 FR RAMP 5 (FR US 1 SB) TO MD 43 WB
RAMP 8 FR RAMP 5 TO COLD SPRING LA WB,RAMP TO WB,EXIT 9 RAMP 8 FR RAMP 5 (FR IS 83 SB) TO COLD SPRING LA WB
RAMP 8 FR RAMP 5 TO HOLLINS FERRY RD,RAMP TO RD,EXIT 9 RAMP 8 FR RAMP 5 (FR IS 695 SB) TO HOLLINS FERRY RD
RAMP 8 FR RAMP 6 (FR MD695) TO MD 151 WB,RAMP TO WB,EXIT 6 RAMP 8 FR RAMP 6 (FR MD 695) TO MD 151 WB
RAMP 8 FR RAMP 9 (FR MD695) TO MD 157 NB,RAMP TO NB,EXIT 43 RAMP 8 FR RAMP 9 (FR MD 695) TO MD 157 NB
RAMP 8 FR RAMP 9 TO RAMP 1 (TO MD940),RAMP TO MD940),EXIT 4 RAMP 8 FR RAMP 9 (FR IS 795 SB) TO RAMP 1 (TO OWINGS MILLS BLVD WB)
RAMP 8 FR US 1 SB TO IS 695 WB,RAMP TO WB,EXIT 32 RAMP 8 FR US 1 SB TO IS 695 WB (NE)
RAMP 8 FR US 1AL SB TO IS 95 WB,RAMP TO WB,EXIT 50 RAMP 8 FR US 1AL SB TO IS 95 SB
RAMP 8 FR US 1AL SB TO IS 95 WB,RAMP TO WB,CALCULATED LOCATION
RAMP 8 FR US 1AL TO RAMP 1 (TO IS695),RAMP TO IS695),EXIT 10 Ramp 8 from US 1AL SB to Ramp 1 (to IS 695 WB)
RAMP 8 FR WASHINGTON BLVD TO IS 95 SB,RAMP TO SB,EXIT 51 RAMP 8 FR WASHINGTON BLVD TO IS 95 SB
RAMP 9 FR FRANKFURST AVE TO RAMP 3,RAMP TO 3,EXIT 8 RAMP 9 FR FRANKFURST AVE WB TO RAMP 3 (TO IS 895 NB)
RAMP 9 FR FRANKLIN BLVD TO RAMP 6,RAMP TO 6,EXIT 7 RAMP 9 FR FRANKLIN BLVD TO RAMP 6 (TO IS 795 SB)
RAMP 9 FR FT ARMISTEAD RD TO RAMP 4,RAMP TO 4,EXIT 1 RAMP 9 FR FT ARMISTEAD RD TO RAMP 4 (TO MD 695)
RAMP 9 FR GOLDEN RING RD TO RAMP 7,RAMP TO 7,EXIT 35 RAMP 9 FR GOLDEN RING RD SB TO RAMP 7 (TO MD 695 SB)
RAMP 9 FR IS 795 SB TO METRO CENTRE,RAMP TO CENTRE,CALCULATED LOCATION
RAMP 9 FR IS 795 SB TO METRO CENTRE,RAMP TO CENTRE,CALCULATED LOCATION
RAMP 9 FR IS 795 TO RAMP 10 (TO IS 795),RAMP TO 795),EXIT 4 RAMP 9 FR IS 795 SB TO RAMP 10 (TO IS 795)
RAMP 9 FR IS 95 NB ETL TO MD 43,RAMP TO 43,EXIT 67 RAMP 9 FR IS 95 NB ETL TO MD 43
RAMP 9 FR KEITH AVE TO RAMP 4 (TO IS95),RAMP TO IS95),EXIT 56 RAMP 9 FR KEITH AVE TO RAMP 4 (TO IS 95)
RAMP 9 FR MD 695 SB TO MD 695 C,RAMP TO C,EXIT 44 RAMP 9 FR MD 695 SB TO MD 695C
RAMP 9 FR RAMP 1 (FR IS695 WB) TO RAMP 2,RAMP TO 2,EXIT 12B RAMP 9 FR RAMP 1 (FR IS 695 NB) TO RAMP 2 (TO IS 695 NB)
RAMP 9 FR RAMP 1 TO RAMP 4 (TO MD 150),RAMP TO 150),EXIT 39 RAMP 9 FR RAMP 1 (FR MD 157) TO RAMP 4 (TO MD 150)
RAMP 9 FR RAMP 2 (FR IS695) TO MD 45 EB,RAMP TO EB,EXIT 26 RAMP 9 FR RAMP 2 (FR IS 695) TO MD 45 SB
RAMP 9 FR RAMP 2 (IS 695) TO HAMPTON LA,RAMP TO LA,EXIT 27 RAMP 9 FR IS 695 WB TO RAMP 2 (TO MD 146 NB) TO HAMPTON LA EB
RAMP 9 FR RAMP 3 (FR MD 43) TO US 1 SB,RAMP TO SB,EXIT 1 RAMP 9 FR RAMP 3 (FR MD 43) TO US 1 SB
RAMP 9 FR RAMP 3 TO MD 139 SB,RAMP TO SB,EXIT 25 RAMP 9 FR RAMP 5 (IS 83 S/B) TO RAMP 3
RAMP 9 FR RAMP 4 TO RAMP 4 (TO 28TH ST),RAMP TO ST),EXIT 6 RAMP 9 FR RAMP 4 (FR IS 83 NB) TO RAMP 4 (TO 28TH ST)
RAMP 9 FR RAMP 6 (FR US 40) TO IS 895 SB,RAMP TO SB,EXIT 13 RAMP 9 FR RAMP 6 (FR US 40 EB) TO IS 895 SB
RAMP 9 FR RAMP 6 TO SULPHER SPRING RD,RAMP TO RD,EXIT 49 RAMP 9 FR RAMP 6 (FR IS 695 EB) TO SULPHUR SPRING RD WB
RAMP 9 FR RAMP 6 TO SULPHER SPRING RD,RAMP TO RD,CALCULATED LOCATION
RAMP 9 FR RAMP 8 TO US 40 WB,RAMP TO WB,EXIT 15 RAMP 9 FR RAMP 8 (FR IS 695 SB) TO US 40 WB
RAMP 9 FR S MONROE ST SB TO MD 295 SB,RAMP TO SB,EXIT 30 RAMP 9 FR MONROE ST TO MD 295 SB
RAMP 9 FR S MONROE ST SB TO MD 295 SB,RAMP TO SB,CALCULATED LOCATION
RAMP 9 FR SHAWAN RD TO RAMP 6 (TO IS 83),RAMP TO 83),EXIT 20 RAMP 9 FR SHAWAN RD WB TO RAMP 6 (TO IS 83 SB)
RAMP 9 FR US 1AL TO RAMP 8 (TO IS95),RAMP TO IS95),EXIT 50 RAMP 9 FR US 1AL NB TO RAMP 8 (TO IS 95)
RAMP 9 FR US 40 WB TO MD 43 WB,RAMP TO WB,EXIT 20 RAMP 9 FR US 40 WB TO MD 43 WB
RAMP 9 FR US 40 WB TO MD 43 WB,RAMP TO WB,CALCULATED LOCATION
RAMP 9 FR US 40 WB TO MD 43 WB,RAMP TO WB,CALCULATED LOCATION
RITTERS LN S,RITTERS LN S,RITTERS LN S - BETWEEN TOLLGATE RD & UPPERGATE CT
RITTERS LN S,RITTERS LN S,RITTERS LN S - BETWEEN TOLLGATE RD & UPPERGATE CT
RP 4 FR MD 150 NB TO RP 6 TO IS 895 SB,RP 4 FR MD 150 NB TO RP 6 TO IS 895 SB,EXIT 12 RAMP 4 FR MD 150 NB TO RAMP 6(TO IS 895 SB)
THIRD AVE,THIRD AVE,THIRD AVE - .10 MILE WEST OF HOLLINS FERRY RD
WOODWARD DR N,WOODWARD DR N,WOODWARD DR N - BETWEEN MD 150 & DORSEY AVE
WOODWARD DR S,WOODWARD DR S,WOODWARD DR S - .05 MILE SOUTH OF MD 150
